"address/city","address/community","address/neighborhood","address/state","address/streetAddress","address/subdivision","address/zipcode","bathrooms","bedrooms","currency","description","homeStatus","latitude","livingArea","longitude","photos/0","photos/1","photos/2","photos/3","photos/4","photos/5","photos/6","photos/7","photos/8","photos/9","photos/10","photos/11","photos/12","photos/13","photos/14","photos/15","photos/16","photos/17","photos/18","photos/19","photos/20","photos/21","photos/22","photos/23","photos/24","photos/25","photos/26","photos/27","photos/28","photos/29","photos/30","photos/31","photos/32","photos/33","photos/34","photos/35","photos/36","photos/37","photos/38","photos/39","photos/40","photos/41","photos/42","photos/43","photos/44","photos/45","photos/46","photos/47","photos/48","photos/49","photos/50","photos/51","photos/52","photos/53","photos/54","photos/55","photos/56","photos/57","photos/58","photos/59","photos/60","price","url","yearBuilt"
"Nashville",,,"TN","956 Beech Bend Dr",,"37221","2","2","USD","Must See Charming Bellevue Home! Granite counters, tiled baths, hardwoods throughout, built-ins & walk-in closets! Spacious backyard perfect for entertaining and extra parking.","FOR_SALE","36.054302","1172","-86.94316","https://photos.zillowstatic.com/fp/911ec5f8cb2feffd0dda2e391706234f-p_f.jpg","https://photos.zillowstatic.com/fp/871e73e360264ac62a6e9ee9b400bb50-p_f.jpg","https://photos.zillowstatic.com/fp/07c17131f926f0304349b51f64968434-p_f.jpg",,,,,,,,,,,,,,,,,,,,,,,,,,,,,,,,,,,,,,,,,,,,,,,,,,,,,,,,,,,"375000","https://www.zillow.com/homedetails/956-Beech-Bend-Dr-Nashville-TN-37221/41191063_zpid/","1983"
"Nashville",,,"TN","505-505A Waycross Dr",,"37211","4","4","USD","Do NOT miss this stunning contemporary ""home on a hill"" in the hottest new quiet urban neighborhood with amazing downtown & MLS soccer stadium views. Next to We-Ho, the universities and 1.5 miles to downtown w/o highway. Two amazing balconies, a wall of collapsing doors off the great room, gorgeous sand & finish hardwoods in entire home (tile baths), back deck for grilling, 4 large bedrooms, 4 full baths, huge utility/mud room, high ceilings, glorious gas fireplace wall and stunning master suite & bath. Large 2 car garage with extra tall ceilings, tankless water heater & more. Will have its own driveway and fenced back yard that will be seed/strawed + small landscaping package in front.","FOR_SALE","36.125816","2679","-86.76115","https://photos.zillowstatic.com/fp/a179439ec6657e879a014fd4cbeea265-p_f.jpg","https://photos.zillowstatic.com/fp/378849e09cb9e306b43a0364f880b1f5-p_f.jpg","https://photos.zillowstatic.com/fp/fa63083dda87d3d73e1991053b07fd47-p_f.jpg","https://photos.zillowstatic.com/fp/761fd7875b96690a13135a6dbdae13b1-p_f.jpg","https://photos.zillowstatic.com/fp/f23222129d79f1d6a04f1c6b68773a0a-p_f.jpg",,,,,,,,,,,,,,,,,,,,,,,,,,,,,,,,,,,,,,,,,,,,,,,,,,,,,,,,,"850000","https://www.zillow.com/homedetails/505-505A-Waycross-Dr-Nashville-TN-37211/2067069367_zpid/","2022"
"Madison",,,"TN","310 Farris Ave",,"37115","1","3","USD","Beautiful Professional Renovation of Charming Mid-Century Cottage, on.44 Acre level lot. Stainless Appliances, Tile Back Splash, Granite Counters, Hardwoods, Tile, New Sink, and Windows.  Everyone will love your kitchen. Great location, just minutes to Downtown Nashville. 2 Car Covered Carports, New Bath, Fresh Paint, New Lighting Ceiling Fans.  2 Storage buildings.","FOR_SALE","36.259773","960","-86.68889","https://photos.zillowstatic.com/fp/34ba3c38ca97e882ad89fa265903942c-p_f.jpg","https://photos.zillowstatic.com/fp/af1c8da857aaa5882e66b66145663fbd-p_f.jpg","https://photos.zillowstatic.com/fp/e05635a73461e6a00b0fe78095c006fb-p_f.jpg","https://photos.zillowstatic.com/fp/00c23e40f255c1e4547f57f4ac2ba991-p_f.jpg","https://photos.zillowstatic.com/fp/77ab7f94f41d2284811b8618f5f62f78-p_f.jpg","https://photos.zillowstatic.com/fp/55bc8c926bee337d41968b9608cdb32f-p_f.jpg","https://photos.zillowstatic.com/fp/a9b2c5bdc3084f969027a0e9a9c06ee8-p_f.jpg","https://photos.zillowstatic.com/fp/bd064f944cdd8c874f48d0777920fce8-p_f.jpg","https://photos.zillowstatic.com/fp/04122052558996f8bd0a9d7807c34dfb-p_f.jpg","https://photos.zillowstatic.com/fp/85b066735eb1df2c95c42ce2770b934e-p_f.jpg","https://photos.zillowstatic.com/fp/2bc5e3c611744e678cd4b9960b5316ba-p_f.jpg","https://photos.zillowstatic.com/fp/d4b4a867ddab26bd1df71d7cede00666-p_f.jpg","https://photos.zillowstatic.com/fp/1d3f521cc9cdd7032d882a14fc2e2ab0-p_f.jpg","https://photos.zillowstatic.com/fp/534482f2e2f272a4049bfd8f4b84d4ea-p_f.jpg","https://photos.zillowstatic.com/fp/b302f3de8c94f71cc67387644e9ab244-p_f.jpg","https://photos.zillowstatic.com/fp/0c318415ea4131a66a4cc0b22e37280c-p_f.jpg","https://photos.zillowstatic.com/fp/a89dc5243c0adf345862a06ac85e7bf7-p_f.jpg","https://photos.zillowstatic.com/fp/586e1084ccb9b9a8c642541703ede9c9-p_f.jpg","https://photos.zillowstatic.com/fp/6321be565407b3186cb986fa75b9598a-p_f.jpg","https://photos.zillowstatic.com/fp/06c3c90160cb1a51863cb56136c053c3-p_f.jpg","https://photos.zillowstatic.com/fp/de87687c03ac2abd4e7ff674b5923af0-p_f.jpg","https://photos.zillowstatic.com/fp/c2d75c6ed2e1261bfb2a17be0b3c7726-p_f.jpg","https://photos.zillowstatic.com/fp/cd1067dc701da39a9e6fbb1ff81e694c-p_f.jpg","https://photos.zillowstatic.com/fp/de09ff2ec94d076073e145e0ba161768-p_f.jpg","https://photos.zillowstatic.com/fp/600e7048c89515a83b917685cb2db90b-p_f.jpg","https://photos.zillowstatic.com/fp/38a394da1e1cb9c62326e2880037bd43-p_f.jpg","https://photos.zillowstatic.com/fp/c5b3446187c423df09ead2b28bbff8d4-p_f.jpg","https://photos.zillowstatic.com/fp/8bf5058c6a54afec4781c17088631ce8-p_f.jpg",,,,,,,,,,,,,,,,,,,,,,,,,,,,,,,,,,"280000","https://www.zillow.com/homedetails/310-Farris-Ave-Madison-TN-37115/41060375_zpid/","1958"
"Nashville",,,"TN","1607 Branch St #B",,"37216","3","33","USD","Tired of cookie cutter? Look no further! Brand new construction by reputable builder, top notch finishes, one car attached garage, incredible location near S Inglewood Park and Community Center, and everything East Nashville has to offer! Thoughtful, designer touches throughout... upgraded Jenn-Air stainless appliance package (fridge included), custom tile, custom trim, quartz throughout. There are two homes available - flipped floor plan, different colors and finishes but same level of design and quality.","FOR_SALE","36.195934","1742","-86.72557","https://photos.zillowstatic.com/fp/fe1d8bd125aea8ab75f76a2fb940f064-p_f.jpg","https://photos.zillowstatic.com/fp/3d7ed8192291dcb69f05992d84b6ebe1-p_f.jpg","https://photos.zillowstatic.com/fp/891e882d41ee993fd18ec79abce0fe20-p_f.jpg","https://photos.zillowstatic.com/fp/9f8159dedf9e863b5d18ea37af67c39c-p_f.jpg","https://photos.zillowstatic.com/fp/93a58ad9b79fed21698dea110a153c99-p_f.jpg","https://photos.zillowstatic.com/fp/eee2636b95828ffb0e563e6faa226976-p_f.jpg","https://photos.zillowstatic.com/fp/9dee4f368b3ed02562be316a462d15c7-p_f.jpg","https://photos.zillowstatic.com/fp/8fe5b1d2fafd00891164683120b73f80-p_f.jpg","https://photos.zillowstatic.com/fp/b2b040fa43683316e133a0a146e505dd-p_f.jpg","https://photos.zillowstatic.com/fp/dfbb280829ebec2a3aea2254cb945432-p_f.jpg",,,,,,,,,,,,,,,,,,,,,,,,,,,,,,,,,,,,,,,,,,,,,,,,,,,,"549900","https://www.zillow.com/homedetails/1607-Branch-St-B-Nashville-TN-37216/2067076125_zpid/","2021"
"Nashville",,,"TN","6666 Brookmont Ter APT 307",,"37205","2","2","USD","Incredible views of the city can be seen from this gorgeous condo.North corner condo so larger than most. Remodeled kitchen & master bath. Secure building w/doorman,salt water pool,fitness room,saunas,tennis courts and convenient to shopping & restaurants.","FOR_SALE","36.08525","1523","-86.89613","https://photos.zillowstatic.com/fp/fdd4f142ac8690eb221947a20e7c25bf-p_f.jpg","https://photos.zillowstatic.com/fp/22682aea063ee1d53caa06627962bca2-p_f.jpg","https://photos.zillowstatic.com/fp/395fd42698e5059f978acfdf72eeeaf5-p_f.jpg","https://photos.zillowstatic.com/fp/1304fcf455b0a8c0d1b4ec68e30724e3-p_f.jpg","https://photos.zillowstatic.com/fp/c038e9a4289a5fc5492fadaf52ab778d-p_f.jpg","https://photos.zillowstatic.com/fp/d3968b1c0fcf3082980c6f53d3c99ad8-p_f.jpg","https://photos.zillowstatic.com/fp/08edaea44fa59397bfe4287841632804-p_f.jpg","https://photos.zillowstatic.com/fp/528d6e69c602100ac5dc71b7d3b55468-p_f.jpg","https://photos.zillowstatic.com/fp/e7d6aa86e165f81682275ea3290a32a3-p_f.jpg","https://photos.zillowstatic.com/fp/ce12fd120d7089f81f21465fcffe3255-p_f.jpg","https://photos.zillowstatic.com/fp/1d19a8ddaab5ca890daeb750668dbac4-p_f.jpg","https://photos.zillowstatic.com/fp/d145e9e1ff6d4e1b471f31395ed34e20-p_f.jpg","https://photos.zillowstatic.com/fp/4cc55fe4b472b5b897fdaa383e19282d-p_f.jpg","https://photos.zillowstatic.com/fp/726ff5ba4384e4a471d690626e1ccb62-p_f.jpg","https://photos.zillowstatic.com/fp/b7558a598f3c2d4fc27da875065fa25d-p_f.jpg","https://photos.zillowstatic.com/fp/36b24d5a56153263ecef18842fba7742-p_f.jpg","https://photos.zillowstatic.com/fp/eb5588bd8754faaf74f607f53146dd80-p_f.jpg","https://photos.zillowstatic.com/fp/70a0ddec8e814d08c57178ade2223ab0-p_f.jpg","https://photos.zillowstatic.com/fp/d85b8ca309355a965703c005f3b3538f-p_f.jpg","https://photos.zillowstatic.com/fp/41c2ded37e300d15ba34bf40052b6eb5-p_f.jpg","https://photos.zillowstatic.com/fp/77501513116420a062f96778ee837619-p_f.jpg","https://photos.zillowstatic.com/fp/76a85965ac06d79e317290d5b33a15b5-p_f.jpg","https://photos.zillowstatic.com/fp/9002ae250ae540e44665a2cc1a5f2563-p_f.jpg","https://photos.zillowstatic.com/fp/a9c158aee05fbe7356c753998a02c4f2-p_f.jpg","https://photos.zillowstatic.com/fp/3062ab10d993635081d7615ff7326e3f-p_f.jpg","https://photos.zillowstatic.com/fp/f0ad9ce52f3ad38aa3a41b17a48efc95-p_f.jpg","https://photos.zillowstatic.com/fp/620101a451e140970bfb6b27c766d8cc-p_f.jpg","https://photos.zillowstatic.com/fp/1e3d048f61343fcbcc8f4930bf625b15-p_f.jpg","https://photos.zillowstatic.com/fp/5dff2245a85e06448d288ac01a66d0d0-p_f.jpg","https://photos.zillowstatic.com/fp/78f5c8b342530a22bd31e35dd555d94d-p_f.jpg","https://photos.zillowstatic.com/fp/6208a3e5c44210b94768c89c0fdab145-p_f.jpg","https://photos.zillowstatic.com/fp/6f626e385642ade58e969a46c44d7b8c-p_f.jpg",,,,,,,,,,,,,,,,,,,,,,,,,,,,,,"375000","https://www.zillow.com/homedetails/6666-Brookmont-Ter-APT-307-Nashville-TN-37205/59879353_zpid/","1973"
"Antioch",,,"TN","5588 Hickory Park Dr",,"37013","2","3","USD","Charming one level move-in-ready home with 3 bedrooms & 2 baths.  Open floor plan with vaulted ceilings in the living room and a cozy fireplace.  The large kitchen offers an abundance of cabinets for storage and a separate pantry.  The owner's suite has trey ceilings, a walk-in closet and double vanities in the bathroom.  A large foyer welcomes you with a separate laundry room and access to the zoned guest bedrooms.  2 car garage and a fenced in backyard with a patio for entertaining.   NEW HVAC UNIT!!!  Located just minutes from downtown Nashville, Nashville International Airport, shopping, and dining!  Mill Creek Greenway located across the street for easy access to a casual stroll through nature.  MUST SEE!!!","FOR_SALE","36.034206","1320","-86.67136","https://photos.zillowstatic.com/fp/e1b6c9b97346faeed7e888cc4d4c3b06-p_f.jpg","https://photos.zillowstatic.com/fp/482712684afe456dee64cc4a7201c017-p_f.jpg","https://photos.zillowstatic.com/fp/3a2fe22d92daa426fef8d5949a879d5b-p_f.jpg","https://photos.zillowstatic.com/fp/0236ae571009397b41767153445b8c28-p_f.jpg","https://photos.zillowstatic.com/fp/1a2abbd5619e7344470d8f0ee58a2dd0-p_f.jpg","https://photos.zillowstatic.com/fp/7610353130420d93da818ff8603304e0-p_f.jpg","https://photos.zillowstatic.com/fp/4035fbc6b01c8907fa23241af28e5ee7-p_f.jpg","https://photos.zillowstatic.com/fp/01418376655796dfcc5103dca52b81f5-p_f.jpg","https://photos.zillowstatic.com/fp/d37e27f93b15327b32b85e6a35a30f8c-p_f.jpg","https://photos.zillowstatic.com/fp/928547198ed9443d0d095d787a9b5acb-p_f.jpg","https://photos.zillowstatic.com/fp/7433848601412a937868aecc0dd7fa65-p_f.jpg","https://photos.zillowstatic.com/fp/bbc274bbc2142f349cc568c06fffe7cb-p_f.jpg","https://photos.zillowstatic.com/fp/11b6c2b1d4f1248e00f1afa8c3dfea19-p_f.jpg","https://photos.zillowstatic.com/fp/5509a63e744f1a91b839a1857abf53c6-p_f.jpg","https://photos.zillowstatic.com/fp/fd9f603d26b65d30c625b484f4ea2c41-p_f.jpg","https://photos.zillowstatic.com/fp/0835a67f61b970a6553b75ca8e805245-p_f.jpg","https://photos.zillowstatic.com/fp/c2167c8cc5a17bad53a9fd8d5262d44d-p_f.jpg","https://photos.zillowstatic.com/fp/64b674913ff0cea0b0f34ef54c04ad4d-p_f.jpg","https://photos.zillowstatic.com/fp/57b42f5145c1a480c7549b62217c5cb0-p_f.jpg",,,,,,,,,,,,,,,,,,,,,,,,,,,,,,,,,,,,,,,,,,,"327900","https://www.zillow.com/homedetails/5588-Hickory-Park-Dr-Antioch-TN-37013/108770581_zpid/","2008"
"Nashville",,,"TN","312 Woodlark Ct",,"37214","3","3","USD","Don't miss the chance to own this great townhome.  3 bedrooms, 2.5 bathrooms, fireplace, fenced yard, and at the end of a cul-de-sac.  No HOA Renting permitted.  This home is located less than 10 minutes to I40, Percy Priest Lake, and Elm Hill Marina and 20 minutes to downtown Nashville.  Roof only 3 yrs old.  Professional Picture coming soon!  Showings will start Sunday Dec 19 at 2pm.","FOR_SALE","36.129375","1596","-86.63863","https://photos.zillowstatic.com/fp/ebab4db444934aa9df2b3ff97d03aac8-p_f.jpg","https://photos.zillowstatic.com/fp/869795b7fb57e188c054af1540bbda47-p_f.jpg","https://photos.zillowstatic.com/fp/ce7bfa52f0687b47c95ed0b01c9cdeb9-p_f.jpg","https://photos.zillowstatic.com/fp/5093657fbe4096a02a6779b380e87d2b-p_f.jpg","https://photos.zillowstatic.com/fp/284c48b664f2fc823f4868dbda1cf138-p_f.jpg","https://photos.zillowstatic.com/fp/b5af731895c93f0bf29731fdf3e7aa0e-p_f.jpg","https://photos.zillowstatic.com/fp/35250b8ec9718620202946fdee20f74a-p_f.jpg","https://photos.zillowstatic.com/fp/181d649698398d67d321644c7b748840-p_f.jpg","https://photos.zillowstatic.com/fp/ed5e46d9fb75f74483881c9d7dbcbc1d-p_f.jpg","https://photos.zillowstatic.com/fp/10353ddc8a1559f82b4e4e65c901b383-p_f.jpg","https://photos.zillowstatic.com/fp/24beba6b06afe519f521349ee5dd9b02-p_f.jpg","https://photos.zillowstatic.com/fp/dd50f4739bdf2ac241d82b8ad9dd5006-p_f.jpg","https://photos.zillowstatic.com/fp/babdeb4e6d15bfb818ed220366316684-p_f.jpg","https://photos.zillowstatic.com/fp/3a3252a1fd6fd58f956498d59dfa710f-p_f.jpg",,,,,,,,,,,,,,,,,,,,,,,,,,,,,,,,,,,,,,,,,,,,,,,,"249900","https://www.zillow.com/homedetails/312-Woodlark-Ct-Nashville-TN-37214/41137775_zpid/","1985"
"Nashville",,,"TN","7715-7715C Sawyer Brown Rd",,"37221","3","4","USD","CUSTOM BUILD ON WOODED LOT IN THE HEART OF IT ALL- LUXURIOUS PRIMARY SUITE-VERY MODERN INTERIOR WITH LOTS OF OPEN SPACES- ONE LEVEL LIVING WITH ADDITONAL GUEST QUARTERS  ON LOWER LEVEL TO INCLUDE OFFICE AND MOVIE THEATRE - GREAT BACK YARD WITH ROOM FOR THE PERFECT POOL- NO HOA- MUST SEE","FOR_SALE","36.064632","4592","-86.94596","https://photos.zillowstatic.com/fp/987a5c290b24e50d2162a115ea67f209-p_f.jpg","https://photos.zillowstatic.com/fp/e2d3d4c5b451442196f0d85c9e19dc94-p_f.jpg","https://photos.zillowstatic.com/fp/1a3ae49a5b1d532426a704a224d2cfa1-p_f.jpg","https://photos.zillowstatic.com/fp/35e2d77e84a020d10879292591d56f11-p_f.jpg","https://photos.zillowstatic.com/fp/a47ebf5835814836c9f1edb2fc090dbf-p_f.jpg","https://photos.zillowstatic.com/fp/fde5582e36953d1936badcb20e8cad80-p_f.jpg","https://photos.zillowstatic.com/fp/f81780e0bbe23afa5c204d54bb3daf62-p_f.jpg","https://photos.zillowstatic.com/fp/18896a4987553f293fd24c2d2dd312e1-p_f.jpg","https://photos.zillowstatic.com/fp/65d2d3eacbc42679f587b9c71a556f7d-p_f.jpg","https://photos.zillowstatic.com/fp/9c8af4a1a64954af3feb8fffada7faf9-p_f.jpg","https://photos.zillowstatic.com/fp/438a834c231968ccf47221e9e3411151-p_f.jpg","https://photos.zillowstatic.com/fp/bcaa31f51204a3502a19f1caeb784654-p_f.jpg","https://photos.zillowstatic.com/fp/f6b7f7070896cdfb9f4c90e6521d6dba-p_f.jpg","https://photos.zillowstatic.com/fp/d5dce546cfffeed42d4f90bc6680086d-p_f.jpg","https://photos.zillowstatic.com/fp/f58e3c02e2faa8baae364b2d549cb9b7-p_f.jpg","https://photos.zillowstatic.com/fp/2d95d5dce23d475b5b5a77533f670e9a-p_f.jpg","https://photos.zillowstatic.com/fp/67622a7f29a5a3fa3f509e7f3a784901-p_f.jpg","https://photos.zillowstatic.com/fp/1ca8672b15d4cc78a5d825f0e711fc44-p_f.jpg","https://photos.zillowstatic.com/fp/51f96f1396d99242b82f01e7eff88c72-p_f.jpg","https://photos.zillowstatic.com/fp/a8d86c1b958f1cda7117650eed97121a-p_f.jpg","https://photos.zillowstatic.com/fp/91dbb723884e5c4f4040a751eb3e446a-p_f.jpg","https://photos.zillowstatic.com/fp/b1202424c7372b55bf3e23cc29b7eb33-p_f.jpg","https://photos.zillowstatic.com/fp/4e01966d0efea6774477d5a6af6d98d5-p_f.jpg","https://photos.zillowstatic.com/fp/8b081b76f0dc42ea4cda51b30506ab2a-p_f.jpg","https://photos.zillowstatic.com/fp/fd7d54459c58ae34a3f8d80f1c0920e4-p_f.jpg","https://photos.zillowstatic.com/fp/cafb7a1ec51f8a9ff9a4fdfdbe1f4090-p_f.jpg","https://photos.zillowstatic.com/fp/c46ff0b882b4c3f690a9c22e2eaa19dc-p_f.jpg","https://photos.zillowstatic.com/fp/3d9ec1cc1fce6c1422fa48092c71611e-p_f.jpg","https://photos.zillowstatic.com/fp/9bc957a44a0a797cedcb3d57759fa111-p_f.jpg","https://photos.zillowstatic.com/fp/61f6fb336395df553796d693f450e95f-p_f.jpg","https://photos.zillowstatic.com/fp/653f145fa3e79674dde65f817513f5c7-p_f.jpg","https://photos.zillowstatic.com/fp/9f3b424d1ed7cb8666bbcd20e91fa93c-p_f.jpg","https://photos.zillowstatic.com/fp/61224080ac9b677c2ed9bb2d6004dc17-p_f.jpg","https://photos.zillowstatic.com/fp/4721e38b31baebcee89887a5613e65b8-p_f.jpg","https://photos.zillowstatic.com/fp/c252d7c333b74d965e4ffac35686f8e6-p_f.jpg","https://photos.zillowstatic.com/fp/360eaa8efbc3eaddf8efb421707a4da7-p_f.jpg","https://photos.zillowstatic.com/fp/6b976eaf2967cd753882c5efa48cac3c-p_f.jpg","https://photos.zillowstatic.com/fp/e8bdf5cd169de6d67262f3b7e1c8b85f-p_f.jpg",,,,,,,,,,,,,,,,,,,,,,,,"1450000","https://www.zillow.com/homedetails/7715-7715C-Sawyer-Brown-Rd-Nashville-TN-37221/2067068759_zpid/","2018"
"Nashville",,,"TN","2116 Herman St",,"37208","2","4","USD","Excellent Rehab Opportunity . Awesome view of downtown Nashville from the front porch! This cinder block structure has renovation potential! Walk-Out Basement. House is surrounded by new high-end luxury homes and condos. Walk or cycle to downtown. WeGo Public Transit passes in front of the house, 2 min drive ti I-40, I-440, I-65 & Briley Pkwy, 2 min walk to Nashville General Hospital/Meharry Medical College, 7 minute drive to  Vanderbilt campus. SOLD AS IS. Please confirm square feet for yourself.","FOR_SALE","36.16279","1392","-86.80919","https://photos.zillowstatic.com/fp/81fccb4b679ee209f8c7c06c9c44c0c6-p_f.jpg","https://photos.zillowstatic.com/fp/317c6d018d7c99a6cad3692032764bbf-p_f.jpg","https://photos.zillowstatic.com/fp/6d42553a4223aa5eed30fb926cc80111-p_f.jpg","https://photos.zillowstatic.com/fp/c4f3359d274e7daf7e1dabbe4822d405-p_f.jpg","https://photos.zillowstatic.com/fp/7bac7c92840851b2c17f2da61e67a271-p_f.jpg","https://photos.zillowstatic.com/fp/7ef2cd3586af6d8f7169ad89ccae6236-p_f.jpg","https://photos.zillowstatic.com/fp/42a8a871a95520d61f922e973794c573-p_f.jpg","https://photos.zillowstatic.com/fp/b597e2e2479ca84de5c132286999ee10-p_f.jpg","https://photos.zillowstatic.com/fp/db926613cef2d1f8c624b4b24a3b5df9-p_f.jpg","https://photos.zillowstatic.com/fp/a4a71634e93067982407ee85f19d7e5c-p_f.jpg",,,,,,,,,,,,,,,,,,,,,,,,,,,,,,,,,,,,,,,,,,,,,,,,,,,,"255900","https://www.zillow.com/homedetails/2116-Herman-St-Nashville-TN-37208/41116321_zpid/","1950"
"Nashville",,,"TN","103 Garwood Dr",,"37210","1","3","USD","Home just minutes from Downtown Nashville *Investment property *cash only* New windows, all brick one level home, can turn bonus room into a fourth bedroom.","FOR_SALE","36.123325","1415","-86.73034","https://photos.zillowstatic.com/fp/8005023363be01c4e1f328fcbf497828-p_f.jpg","https://photos.zillowstatic.com/fp/095e34545ac86aa684df0ef995964077-p_f.jpg","https://photos.zillowstatic.com/fp/9d6aa9a3d1ccec41d457f0ce61b3c627-p_f.jpg","https://photos.zillowstatic.com/fp/bd3758f33b5ade6b218de16aaa7d123f-p_f.jpg","https://photos.zillowstatic.com/fp/032288170c28dfc42568ba80e8a1e009-p_f.jpg","https://photos.zillowstatic.com/fp/cfcdd3bec5314283735f6af223c83afe-p_f.jpg","https://photos.zillowstatic.com/fp/30d04614aaf2e39c8dd29eb9b3d714cc-p_f.jpg","https://photos.zillowstatic.com/fp/f063714babbb4f8ac59b3b59c48980e1-p_f.jpg","https://photos.zillowstatic.com/fp/dac8407851eb7b42de304d43a384b536-p_f.jpg","https://photos.zillowstatic.com/fp/81ec6a70d1ea1b8aa5b66cb6762ba35d-p_f.jpg","https://photos.zillowstatic.com/fp/1b7f3c27680c369c4470ca7e80fd123b-p_f.jpg",,,,,,,,,,,,,,,,,,,,,,,,,,,,,,,,,,,,,,,,,,,,,,,,,,,"300000","https://www.zillow.com/homedetails/103-Garwood-Dr-Nashville-TN-37210/41148596_zpid/","1956"
"Hermitage",,,"TN","Elevation A Plan, The Azalea","The Azalea","37076","3","3","USD","Coming soon! Luxury Cottage community Spring 2022! Start from the $350s.","FOR_SALE","36.170303","1182","-86.61804","https://photos.zillowstatic.com/fp/78ed92253d7e8a71bbb1a541f8979fbd-p_f.jpg","https://photos.zillowstatic.com/fp/3cbcc14549a78740f26a2f61a53dcd6c-p_f.jpg","https://photos.zillowstatic.com/fp/bf6f1c47ec8370b4d1f7736b90219934-p_f.jpg","https://photos.zillowstatic.com/fp/f9ed92e9fc35b3ca14271665a9240a26-p_f.jpg","https://photos.zillowstatic.com/fp/0af1f96ab65e96a7abd86d0261360598-p_f.jpg","https://photos.zillowstatic.com/fp/fb23f39a32ca2eab0f7b151658f204e1-p_f.jpg",,,,,,,,,,,,,,,,,,,,,,,,,,,,,,,,,,,,,,,,,,,,,,,,,,,,,,,,"359900","https://www.zillow.com/community/azalea/2067252920_zpid/","2021"
"Antioch",,,"TN","The Coleman Plan, Kingsport Estates","Kingsport Estates","37013","3","4","USD","The Coleman greets you with a covered front porch entry that opens to a welcoming dining room, or study if you prefer.. Expansive sight lines across the back of the home connect the family room, breakfast nook and kitchen areas. The window is placed above the kitchen sink and the kitchen offers an optional center island. Four upstairs bedrooms include an owner's suite with large walk-in closet, while a convenient laundry room is situated in a central location. The secondary bathroom offers compartmentalized space that allows for multiple people to use the space at the same time with access to the three additional bedrooms.","FOR_SALE","36.02728","2095","-86.664795","https://photos.zillowstatic.com/fp/551ecc07c3bdedd911fcc71fb04f19be-p_f.jpg","https://photos.zillowstatic.com/fp/d0d8b073a49c7c7fcf71d5494d76925e-p_f.jpg","https://photos.zillowstatic.com/fp/920f7b13c408c8c7368410a6145ff0c8-p_f.jpg","https://photos.zillowstatic.com/fp/ff0e7a48b7db80a4659113fe633f25eb-p_f.jpg","https://photos.zillowstatic.com/fp/97e00c177f172fa46b9d308c94605507-p_f.jpg","https://photos.zillowstatic.com/fp/801af59de13907943fe7b7489c12ed9b-p_f.jpg","https://photos.zillowstatic.com/fp/08bcab1ad7cd8a8318de9b3feca23d12-p_f.jpg",,,,,,,,,,,,,,,,,,,,,,,,,,,,,,,,,,,,,,,,,,,,,,,,,,,,,,,"399990","https://www.zillow.com/community/kingsport-estates/2067359273_zpid/","2021"
"Nashville",,,"TN","The Peachtree Plan, Crossings at Drakes Branch","Crossings at Drakes Branch","37218","2","3","USD","Introducing the Peachtree, this villa plan has all the essential elements demanded by today's lifestyles along with several surprising touches.. This 3-bedroom 2-bath design greets you with a covered front porch that leads to an open layout with a front flex room and centrally-located island kitchen. The spacious family room has direct access to the rear yard, which is also enjoyed through views from the luxurious owner's suite. Secondary bedrooms are served by deep walk-in closets and conveniently located hall bath and laundry rooms. All packaged in a low-maintenance ranch style villa.","FOR_SALE","36.227356","1501","-86.8498","https://photos.zillowstatic.com/fp/cdf1f67474eed54ffc71775db194d904-p_f.jpg","https://photos.zillowstatic.com/fp/1ec407f1cc31d6d89a751a75d00420b5-p_f.jpg","https://photos.zillowstatic.com/fp/71e2e8ecdcde12811009a7ff8591d5a0-p_f.jpg","https://photos.zillowstatic.com/fp/54bb37706e85b0ea6f9e2ea8cf146c42-p_f.jpg","https://photos.zillowstatic.com/fp/09bc7e919e1ede80e6b042efbe2cfa8a-p_f.jpg","https://photos.zillowstatic.com/fp/086f071ac51af473748d838249ec24b3-p_f.jpg","https://photos.zillowstatic.com/fp/0dd3688f1b6acf0f9cde5c2cb3f41421-p_f.jpg","https://photos.zillowstatic.com/fp/393c695d1919067ffe5ab79d6d778623-p_f.jpg",,,,,,,,,,,,,,,,,,,,,,,,,,,,,,,,,,,,,,,,,,,,,,,,,,,,,,"291990","https://www.zillow.com/community/crossings-at-drakes-branch/2067359282_zpid/","2021"
"Old Hickory",,,"TN","2359 Patrick Ave",,"37138","3","3","USD","Now selling Phase 2, to be complete in late Nov/early Dec. Pick from your choice of a 2 or 3BR Townhome or 3 BR Villas with with finishes that exceed expectations-Open Concept, Granite, Hardwood, Tile, and more. Personalize your Brand New Home from our Designer Collection packages of finishes! Minutes to Golf, Old Hickory Lake, Airport, Shopping and more. Be sure to inquire about our VIP Buyer Incentive.","RECENTLY_SOLD","36.265217","1452","-86.661804","https://photos.zillowstatic.com/fp/bbae8f14374c5d0e32e88c59e30d66f3-p_f.jpg","https://photos.zillowstatic.com/fp/1316514cef30197fb59093b166b1deb8-p_f.jpg","https://photos.zillowstatic.com/fp/58f2829068737758ef4c54a86880f59a-p_f.jpg","https://photos.zillowstatic.com/fp/0cdae363a3e77e0f358449507fa8525e-p_f.jpg","https://photos.zillowstatic.com/fp/362a10d3866ad5962bfb1d81d34c8ac9-p_f.jpg","https://photos.zillowstatic.com/fp/a4364cddcf9515e8155a63fdf2599486-p_f.jpg","https://photos.zillowstatic.com/fp/f934052d60832728cd156cb88c2e36d8-p_f.jpg","https://photos.zillowstatic.com/fp/df789f28821230e224194c79fcfe6dbe-p_f.jpg","https://photos.zillowstatic.com/fp/fe19db9cecf8fb7ac3a5fc5c38835656-p_f.jpg","https://photos.zillowstatic.com/fp/f3e065a028d8686cd1d3eb707820b140-p_f.jpg","https://photos.zillowstatic.com/fp/3f1a50e6f9560adea780a5219aaf8a5a-p_f.jpg","https://photos.zillowstatic.com/fp/a0ece0162ce453fd39c21b2d469c799a-p_f.jpg","https://photos.zillowstatic.com/fp/18f005e57433ea51630cabaf3cf24dc0-p_f.jpg","https://photos.zillowstatic.com/fp/927eff10f3e3725480dc76a9069828e3-p_f.jpg","https://photos.zillowstatic.com/fp/4dc21b68058c1587c78cfc3fb29333e1-p_f.jpg","https://photos.zillowstatic.com/fp/916c5b270fd9de82276898e6ae452f8f-p_f.jpg","https://photos.zillowstatic.com/fp/60cd9a5410136bb5bc1573c000897b47-p_f.jpg","https://photos.zillowstatic.com/fp/29cf7b839c0644912ae5f2055568a3cb-p_f.jpg","https://photos.zillowstatic.com/fp/f083515082c1ecb022f7fcd2b5d8c462-p_f.jpg","https://photos.zillowstatic.com/fp/b8ea8f796e0742c4d2dd2bfdb43bd1e9-p_f.jpg","https://photos.zillowstatic.com/fp/30502ce08f568fc71d33d7cbe22e64cf-p_f.jpg","https://photos.zillowstatic.com/fp/ecff7de1a5ded798a1ede191c1a28d84-p_f.jpg","https://photos.zillowstatic.com/fp/577b8c412c41084ea423f6eb2eff8427-p_f.jpg","https://photos.zillowstatic.com/fp/8f6f5f109217be6198272a2179d4be00-p_f.jpg","https://photos.zillowstatic.com/fp/0389fea0c3e482675aa6ae546247dd57-p_f.jpg","https://photos.zillowstatic.com/fp/62e78382a0732a98f3b2bd618461e5b6-p_f.jpg","https://photos.zillowstatic.com/fp/c299033a71ae4ce9f8ba883db6e46a1c-p_f.jpg","https://photos.zillowstatic.com/fp/11c3f47a4d007cd3d8ccc4f7abee2a2e-p_f.jpg","https://photos.zillowstatic.com/fp/e0f083466839dc29c8583b43638ba93e-p_f.jpg","https://photos.zillowstatic.com/fp/44bf51a1d02d16c0f87630f0f1cb6050-p_f.jpg",,,,,,,,,,,,,,,,,,,,,,,,,,,,,,,,"309900","https://www.zillow.com/homedetails/2359-Patrick-Ave-Old-Hickory-TN-37138/2071164355_zpid/","2020"
"Antioch",,,"TN","4723 Backstretch Blvd",,"37013","3","4","USD","Great Floorplan! Master bedroom down with 3 bedrooms and a bonus up. Great location close to Murfreesboro Pike & shoppings.  Buyers and agents to verify all MLS information including schools, square footage, and rooms dimensions.","FOR_SALE","36.062195","2345","-86.61564","https://photos.zillowstatic.com/fp/7b2a2bdac4406a8031329aa6566d9bb6-p_f.jpg",,,,,,,,,,,,,,,,,,,,,,,,,,,,,,,,,,,,,,,,,,,,,,,,,,,,,,,,,,,,,"429900","https://www.zillow.com/homedetails/4723-Backstretch-Blvd-Antioch-TN-37013/108242758_zpid/","2016"
"Old Hickory",,,"TN","2010 Village Park Cir",,"37138","3","3","USD","Better than new former model home! Large open kitchen, Granite counter tops, walk-in tile shower, oak stairs, Master bedroom balcony, stainless appliances and much more!","FOR_SALE","36.26347","1479","-86.648","https://photos.zillowstatic.com/fp/decf201da2b7b8c1d48f75454df0cb6f-p_f.jpg","https://photos.zillowstatic.com/fp/7699dbe539f071ed7efa3998d451d2d1-p_f.jpg","https://photos.zillowstatic.com/fp/bf3ce39255567a9a17c7b8bafd42be3d-p_f.jpg","https://photos.zillowstatic.com/fp/d8def353bd84dfc3c28b206f7cecc94e-p_f.jpg","https://photos.zillowstatic.com/fp/203395b6f5cdc51e8f153178c8e8af14-p_f.jpg","https://photos.zillowstatic.com/fp/7250566874ef5a4bf636b8846d468b8a-p_f.jpg","https://photos.zillowstatic.com/fp/c6b3434d83009be876f0b127a63715dd-p_f.jpg","https://photos.zillowstatic.com/fp/6f2ef348500314dffac832094a508e34-p_f.jpg","https://photos.zillowstatic.com/fp/44b3b71bd9ca9439eed024edd34eee4a-p_f.jpg","https://photos.zillowstatic.com/fp/f6f6e45b2017cfd5b8f1200644bc4245-p_f.jpg","https://photos.zillowstatic.com/fp/c74ab32b2e72ec347572afa3859c5ea3-p_f.jpg","https://photos.zillowstatic.com/fp/24535d6af3486b75bcfc1cd5f52cec12-p_f.jpg","https://photos.zillowstatic.com/fp/7ad459f485231bf77d4863d5817689cf-p_f.jpg","https://photos.zillowstatic.com/fp/7852800e317a91c0378d2aa011ae626e-p_f.jpg","https://photos.zillowstatic.com/fp/5888586703b5e03caa0929fe9e2acbf6-p_f.jpg","https://photos.zillowstatic.com/fp/fbe405967632ce4808f7b27eafca28e9-p_f.jpg","https://photos.zillowstatic.com/fp/73e601a4b766c2425649adf997ad27b0-p_f.jpg","https://photos.zillowstatic.com/fp/ac39b12f3237cb5a3120ec18f6735647-p_f.jpg","https://photos.zillowstatic.com/fp/4d34e88c4f035c80e11ae99ed5db71fc-p_f.jpg","https://photos.zillowstatic.com/fp/2f2376b52b36bdaa46730677916ba1c0-p_f.jpg",,,,,,,,,,,,,,,,,,,,,,,,,,,,,,,,,,,,,,,,,,"320000","https://www.zillow.com/homedetails/2010-Village-Park-Cir-Old-Hickory-TN-37138/296612661_zpid/","2017"
"Nashville",,,"TN","2000 Manchester Ave",,"37218","4","3","USD","Priceless downtown Nashville skyline views! Manchester Heights is a private 8 home enclave with easy Interstate access. Convenient to downtown. Quality new construction. Two car garage! Chef's kitchen with stainless appliances. Quartz, Custom Cabinets, and hardwoods throughout. Gas range. Open floor plan. Luxurious Master Suite.","FOR_SALE","36.193897","1752","-86.83558","https://photos.zillowstatic.com/fp/7e6fc3449ad61634fb007e075c1d952a-p_f.jpg",,,,,,,,,,,,,,,,,,,,,,,,,,,,,,,,,,,,,,,,,,,,,,,,,,,,,,,,,,,,,"550000","https://www.zillow.com/homedetails/2000-Manchester-Ave-Nashville-TN-37218/2067070950_zpid/","2021"
"Nashville",,,"TN","2825 Lake Forest Dr",,"37217","2","3","USD","Close to Priest Lake and Nashboro Village. Brand New AC nit, electrical panel, laminate flooring and tile flooring in the bathroom. Enjoy the cold winter night with some hot cocoa close to the wood-burning fireplace. Conventional or cash. AS-IS                      This won't last long. More photos coming soon.","FOR_SALE","36.09093","1240","-86.61261","https://photos.zillowstatic.com/fp/1947a9d1e4722f7f3f5e88250f2b7022-p_f.jpg","https://photos.zillowstatic.com/fp/1b4e8483420a2f4fdc34c5fd47d4e396-p_f.jpg","https://photos.zillowstatic.com/fp/224beff8db853c46612722e0346086a4-p_f.jpg","https://photos.zillowstatic.com/fp/c434939a5823d74928c572eb045e1199-p_f.jpg","https://photos.zillowstatic.com/fp/90f65ec7ec49e838ca3d7d509f8937a5-p_f.jpg","https://photos.zillowstatic.com/fp/34d7eff658a5d929f11a73e8a82ec7c2-p_f.jpg","https://photos.zillowstatic.com/fp/e690b647f0a5783171207b7925fb3373-p_f.jpg","https://photos.zillowstatic.com/fp/359fa76f89066ac1ae013272bfbf6828-p_f.jpg","https://photos.zillowstatic.com/fp/fe1659f9b9497e390753c6db2c283c0f-p_f.jpg","https://photos.zillowstatic.com/fp/eeaae128a32a408284d2be8aad329bfb-p_f.jpg","https://photos.zillowstatic.com/fp/3fa439451007ea66da64973f3730c973-p_f.jpg","https://photos.zillowstatic.com/fp/0b488c4d845f29f7637acb0b7290b0cc-p_f.jpg","https://photos.zillowstatic.com/fp/d507cf836b4fbda060ea6a84abd9d49f-p_f.jpg","https://photos.zillowstatic.com/fp/dbe2270f6bb220b6e6ea3072372345ef-p_f.jpg","https://photos.zillowstatic.com/fp/52a59cec061c8f9429ad6f3ed783c194-p_f.jpg","https://photos.zillowstatic.com/fp/71601b72d350c31bf105efac40e8bd8f-p_f.jpg","https://photos.zillowstatic.com/fp/bcd0f5a242653f4f58cd99bd837ee162-p_f.jpg",,,,,,,,,,,,,,,,,,,,,,,,,,,,,,,,,,,,,,,,,,,,,"199900","https://www.zillow.com/homedetails/2825-Lake-Forest-Dr-Nashville-TN-37217/41166788_zpid/","1982"
"Nashville",,,"TN","2006 Manchester Ave",,"37218","4","3","USD","Priceless downtown Nashville skyline views! Manchester Heights is a private 8 home enclave with easy Interstate access. Convenient to downtown. Quality new construction. Two car garage! Chef's kitchen with stainless appliances. Quartz, Custom Cabinets, and hardwoods throughout. Gas range. Open floor plan. Luxurious Master Suite.","FOR_SALE","36.194427","1752","-86.83497","https://photos.zillowstatic.com/fp/7e6fc3449ad61634fb007e075c1d952a-p_f.jpg",,,,,,,,,,,,,,,,,,,,,,,,,,,,,,,,,,,,,,,,,,,,,,,,,,,,,,,,,,,,,"550000","https://www.zillow.com/homedetails/2006-Manchester-Ave-Nashville-TN-37218/2067070926_zpid/","2021"
"Madison",,,"TN","553 Singer Dr",,"37115","2","4","USD","BEAUTIFUL RENOVATION! NEW EVERYTHING! HUGE KITCHEN WITH ISLAND, STAINLESS AND BACKSPLASH. EAT-IN AREA WITH OPEN FLOORPLAN. MASTER ON MAIN LEVEL. HUGE FINISHED BASEMENT WITH FULL BATH AND LAUNDRY ROOM.GARAGE. NEW PAINT, FLOORING, AND PAINT. GREAT NEIGHBORHOOD 15 MINUTES TO NASHVILLE!","RECENTLY_SOLD","36.270317","1700","-86.69745","https://photos.zillowstatic.com/fp/3b6067a0172dea96fc9aec1a20a0aff0-p_f.jpg","https://photos.zillowstatic.com/fp/ca2e98c8bc75d0c808b5a0750b64e099-p_f.jpg","https://photos.zillowstatic.com/fp/cacd4792ba3e6e76543ae0a3c2e4a02d-p_f.jpg","https://photos.zillowstatic.com/fp/ef47b5c4f0f00106e7d65c24d228dd4d-p_f.jpg","https://photos.zillowstatic.com/fp/e46dc5e98c7abb4cbc80442dd382302c-p_f.jpg","https://photos.zillowstatic.com/fp/ef174b677c511a5ba822bd5f8c940ee7-p_f.jpg","https://photos.zillowstatic.com/fp/6718769dbf1fb6e06699daddb80b5720-p_f.jpg","https://photos.zillowstatic.com/fp/1ca6859557306a53d46276666b2c0e53-p_f.jpg","https://photos.zillowstatic.com/fp/1a7b261cf346fee3427dfe8f4ddcfa31-p_f.jpg","https://photos.zillowstatic.com/fp/58852ed790cb12a905cf415d7fe63c00-p_f.jpg","https://photos.zillowstatic.com/fp/d500b5d94781f3743ca6315593ac5fc7-p_f.jpg","https://photos.zillowstatic.com/fp/8325998563089b8cb5975b10c4cc20e8-p_f.jpg","https://photos.zillowstatic.com/fp/c3057c2d3789566d30be40350d23a5b8-p_f.jpg","https://photos.zillowstatic.com/fp/fdf08ccaec76169cd817e1f71f9f6f4d-p_f.jpg","https://photos.zillowstatic.com/fp/b91ec054aeaad85c77de00b8ff119f2d-p_f.jpg","https://photos.zillowstatic.com/fp/47df59cd9b7fc978b433451fe470ad9d-p_f.jpg","https://photos.zillowstatic.com/fp/54a6c38acb6d85492181f208b85fe6fb-p_f.jpg","https://photos.zillowstatic.com/fp/a418f51337c71c3e77254cca1a1622d8-p_f.jpg","https://photos.zillowstatic.com/fp/08c8252a155dc1903016c32c82bc6601-p_f.jpg","https://photos.zillowstatic.com/fp/2ced73b8496fe6c85dc2f4d337dae2ab-p_f.jpg","https://photos.zillowstatic.com/fp/3f2e9c6b767e9acd52464994986b74d5-p_f.jpg","https://photos.zillowstatic.com/fp/c44ef00584c255a7ea5a9bcbdc26e87d-p_f.jpg","https://photos.zillowstatic.com/fp/268d39d3c3ce768d2797e22c00661122-p_f.jpg","https://photos.zillowstatic.com/fp/80be0ca4d18e0d3e9ada24bb52ac6388-p_f.jpg",,,,,,,,,,,,,,,,,,,,,,,,,,,,,,,,,,,,,,"364500","https://www.zillow.com/homedetails/553-Singer-Dr-Madison-TN-37115/41059225_zpid/","1971"
"Old Hickory",,,"TN","3044 Lakeshore Dr",,"37138","4","4","USD","Beautiful New Build on Flat Lot within Walking Distance to Lake.","RECENTLY_SOLD","36.24317","3712","-86.630844","https://photos.zillowstatic.com/fp/ba8ed6163cb2a0fd8b51808161a5504b-p_f.jpg",,,,,,,,,,,,,,,,,,,,,,,,,,,,,,,,,,,,,,,,,,,,,,,,,,,,,,,,,,,,,"748150","https://www.zillow.com/homedetails/3044-Lakeshore-Dr-Old-Hickory-TN-37138/41069204_zpid/","2021"
"Nashville",,,"TN","900 19th Ave S APT 1002",,"37212","1","1","USD","Wonderful Midtown/Music Row condo close to Vanderbilt and Belmont University, many shops and restaurants. Desired end unit. Major 2016 remodel included new lighting, new kitchen cabinets, granite countertops/tile backsplash, stainless steel appliances, under cabinet lighting, new flooring, new tub, sink & countertop in bathroom, HVAC.  Water heater replaced in 2019.  Unit has been freshly painted.  1 assigned covered parking spot. Onsite Pool, fitness room, laundry facility and security.  Monthly HOA is $281 which covers water, sewer, trash, exterior maintenance.  Long term rentals allowed.","FOR_SALE","36.148727","550","-86.79583","https://photos.zillowstatic.com/fp/140a5fee0437ef01f13ef41911a9e51f-p_f.jpg","https://photos.zillowstatic.com/fp/623d304d4d0f298545d3bb124a6f385e-p_f.jpg","https://photos.zillowstatic.com/fp/c3428ae6f6117be9eb1de04d939a88e1-p_f.jpg","https://photos.zillowstatic.com/fp/91cecad7321b6f2c4632c4b924f1e908-p_f.jpg","https://photos.zillowstatic.com/fp/bfa710e58ccd1a2eb1689c88cd52ec0d-p_f.jpg","https://photos.zillowstatic.com/fp/9e8b21c0b4a88a455acccf8655bceee9-p_f.jpg","https://photos.zillowstatic.com/fp/7b7a9e5549a8e8f15ee04ad91f0992d3-p_f.jpg","https://photos.zillowstatic.com/fp/7043432f8fe447930f34dde51160fa3f-p_f.jpg","https://photos.zillowstatic.com/fp/eb989e59ebc67f1307f20731d87ff56c-p_f.jpg","https://photos.zillowstatic.com/fp/94cbf54ea662bced3b820f737d9cf617-p_f.jpg","https://photos.zillowstatic.com/fp/e92f50be472ddee1bf18641a5a7646dd-p_f.jpg","https://photos.zillowstatic.com/fp/ed6e3d5985c05b0f8138fc49382bfb8c-p_f.jpg","https://photos.zillowstatic.com/fp/796467ab9bcc7aaec5f2663dc697b8b5-p_f.jpg","https://photos.zillowstatic.com/fp/8ea9aec6cf0d5a2bf243c14e4b1e327b-p_f.jpg","https://photos.zillowstatic.com/fp/d9907eefc874f4f2ec7b05393523d282-p_f.jpg","https://photos.zillowstatic.com/fp/0dbf712165433df86a96d3502cb00493-p_f.jpg","https://photos.zillowstatic.com/fp/c3c02b84458f879cf98d1528a46cff1a-p_f.jpg","https://photos.zillowstatic.com/fp/6684c6673250adaff539489258c290d5-p_f.jpg","https://photos.zillowstatic.com/fp/453c3444a3e19db9ae82c898340996e5-p_f.jpg","https://photos.zillowstatic.com/fp/4038380ec4ac95d8c8c9a5315f81f951-p_f.jpg","https://photos.zillowstatic.com/fp/4527a4624122f7a87549bcffdc92aaf1-p_f.jpg","https://photos.zillowstatic.com/fp/ce8098032021f7c822436d61ea3aa051-p_f.jpg",,,,,,,,,,,,,,,,,,,,,,,,,,,,,,,,,,,,,,,,"235000","https://www.zillow.com/homedetails/900-19th-Ave-S-APT-1002-Nashville-TN-37212/59886599_zpid/","1986"
"Nashville",,,"TN","2200 Pennington Ave",,"37216","4","3","USD","Charming New Construction in popular East Nashville neighborhood.  Stunning entry foyer with mud/drop zone adjacent a side entry two car garage. Yep... TWO CAR GARAGE.  This bright and open floor plan is complimented with sleek black cabinetry and gold accents. Electric fireplace in den. SS appliances. Quartz countertops. Large Standing Shower in Master. Jack and Jill style bathroom with 1/2 BA access to 2nd & 3rd BR's. Corner lot. Back patio with privacy fence. This one really does have it all!","RECENTLY_SOLD","36.198772","2050","-86.73036","https://photos.zillowstatic.com/fp/b56f52cc35aee7d1e1ca598519392a79-p_f.jpg","https://photos.zillowstatic.com/fp/4f684e943c6403676621df1ba3766a98-p_f.jpg","https://photos.zillowstatic.com/fp/6133cb935c4b05f1f4002458609b51a5-p_f.jpg","https://photos.zillowstatic.com/fp/e5e1fb428fbd71b37303aa67e450fa5b-p_f.jpg","https://photos.zillowstatic.com/fp/c5769ad4dcf4c841c5a6da3efd2503b6-p_f.jpg","https://photos.zillowstatic.com/fp/c184a52a6400ecc16b285a6e1fd95d8e-p_f.jpg","https://photos.zillowstatic.com/fp/ac77fa8ac0617e9a0b4bd6c0eb22913d-p_f.jpg","https://photos.zillowstatic.com/fp/8f8cba80c681b64e170b5cf36ed5eebd-p_f.jpg","https://photos.zillowstatic.com/fp/bf6b90e353dc760d749091a7af4ba1ac-p_f.jpg","https://photos.zillowstatic.com/fp/ae8fba19af40fa9a34a3398f6c864024-p_f.jpg","https://photos.zillowstatic.com/fp/a61b2a8531d521a26c87cbcfab5f3319-p_f.jpg","https://photos.zillowstatic.com/fp/934c1bff5e8dd7dda4d231d7f24e5508-p_f.jpg","https://photos.zillowstatic.com/fp/623dd2eb4e1526a9f30a96de44fd0ea6-p_f.jpg","https://photos.zillowstatic.com/fp/39c885d932aa9005b00cc9aae37a8cfb-p_f.jpg","https://photos.zillowstatic.com/fp/27bb1d84a08b6cc8422518dd0af54891-p_f.jpg","https://photos.zillowstatic.com/fp/e5c57c1f217166a390efe43d20fcc76a-p_f.jpg","https://photos.zillowstatic.com/fp/5241ae759000eaf7519d24080d2446cf-p_f.jpg","https://photos.zillowstatic.com/fp/fd664459e15a36a8f8a599bd4c38524f-p_f.jpg","https://photos.zillowstatic.com/fp/eb96c904e2a6147a0f5ac761daaa79a4-p_f.jpg","https://photos.zillowstatic.com/fp/edb2fdae19f710eabdbabea3434ea7ee-p_f.jpg","https://photos.zillowstatic.com/fp/c0aa8870fc091bf1d03eb070c3b402be-p_f.jpg","https://photos.zillowstatic.com/fp/f9bd4906d329910efa43ac5daccf8064-p_f.jpg","https://photos.zillowstatic.com/fp/7f788fcd09cd24be496489a4275151cc-p_f.jpg","https://photos.zillowstatic.com/fp/88c13110d8ebe0f3bf64f08485f0fe71-p_f.jpg","https://photos.zillowstatic.com/fp/d0e35673a2ab1318e744ad151e4fdcfb-p_f.jpg","https://photos.zillowstatic.com/fp/e5eb4560073ed97565a2a0f5c6c024a9-p_f.jpg","https://photos.zillowstatic.com/fp/ee02e895c8aa87ea5d08e8c89a15d028-p_f.jpg","https://photos.zillowstatic.com/fp/cf21ad117cff439ef2bc172d32faa2a6-p_f.jpg","https://photos.zillowstatic.com/fp/a9efff27bc348d6ba80c023d1e7cfffa-p_f.jpg","https://photos.zillowstatic.com/fp/c6e3b59f023f4fd57400015940e99067-p_f.jpg","https://photos.zillowstatic.com/fp/598c4c64b5d71c5ac14b90c202f0049a-p_f.jpg","https://photos.zillowstatic.com/fp/f096b739fe0481fb2653619de9cb4421-p_f.jpg","https://photos.zillowstatic.com/fp/a7979bd3b5d89f98127bd81729a0bd61-p_f.jpg","https://photos.zillowstatic.com/fp/8d132a83f47df1acd10b0f09cf5c35bb-p_f.jpg","https://photos.zillowstatic.com/fp/cee000565d96eda52e08b98584b7aa39-p_f.jpg","https://photos.zillowstatic.com/fp/8463d8a1d72aabff8517ee53e7c97803-p_f.jpg","https://photos.zillowstatic.com/fp/1d1c4636daed1c34c2b088ec291b94d6-p_f.jpg","https://photos.zillowstatic.com/fp/e0296bdbf6c39bba98238117cf2d1989-p_f.jpg",,,,,,,,,,,,,,,,,,,,,,,,"619900","https://www.zillow.com/homedetails/2200-Pennington-Ave-Nashville-TN-37216/2067665007_zpid/","2021"
"Antioch",,,"TN","4613 Billingsgate Rd",,"37013","4","4","USD","Fabulous renovated home just minutes from BNA and major highways. New: electrical, front porch, fireplace, some flooring, windows in the living room, humidity ventilation with 5yr warranty, termite inspection, 1 of 3 HVAC units, paint throughout, exterior light fixtures, doorbell, and 4yr new 25yr roof 25yr warranty and new duct work throughout entire house was done in 2016. 1 year Cinch home warranty, HVAC covered! New plastic sealed crawl space, as well! Lots to be excited about for this one!!","FOR_SALE","36.07771","2636","-86.66921","https://photos.zillowstatic.com/fp/0bb6ef7b2a9c76556041bb7c96ba759e-p_f.jpg","https://photos.zillowstatic.com/fp/5f43ec0fb186f2dfbce39e1d3624dde4-p_f.jpg","https://photos.zillowstatic.com/fp/45368c3d1a95a246a42f2d9988a840ec-p_f.jpg","https://photos.zillowstatic.com/fp/c43163ed33565c25bc91c0fb3cf2f2aa-p_f.jpg",,,,,,,,,,,,,,,,,,,,,,,,,,,,,,,,,,,,,,,,,,,,,,,,,,,,,,,,,,"425000","https://www.zillow.com/homedetails/4613-Billingsgate-Rd-Antioch-TN-37013/41182137_zpid/","1987"
"Hermitage",,,"TN","703 N Chestnut Ct",,"37076","3","3","USD","Beautiful colonial home in the heart of Hermitage! Custom built-ins in 2nd bedroom, large versatile bonus space over garage. You must see the gorgeous, secluded courtyard and patio area to appreciate!! Custom lighting makes it perfect for entertaining day or night! Spacious fenced-in back yard!  Wonderful neighbors in quiet sought after community!  Shoe shelves do not remain.","FOR_SALE","36.225536","2117","-86.59899","https://photos.zillowstatic.com/fp/a0a0bccb7677928301c6a123887216d9-p_f.jpg","https://photos.zillowstatic.com/fp/d0b2c80fea3e499994bc0c5bc6df9375-p_f.jpg","https://photos.zillowstatic.com/fp/4029fc83ff911efe7b95d743dedb8f27-p_f.jpg","https://photos.zillowstatic.com/fp/661fec2c3cef479c48b305499c4f4ba2-p_f.jpg","https://photos.zillowstatic.com/fp/fef399a3b4aac500b06b319f7cf826bd-p_f.jpg","https://photos.zillowstatic.com/fp/5d60786e120c0023697181c24895a7c8-p_f.jpg","https://photos.zillowstatic.com/fp/adaff6e5288034fc70b266d8add5d379-p_f.jpg","https://photos.zillowstatic.com/fp/342fc4df2c3bf4545231ffbc6768b8c8-p_f.jpg","https://photos.zillowstatic.com/fp/14d6731748e676f0e38a2daa66a027fb-p_f.jpg","https://photos.zillowstatic.com/fp/67c5db846c6acb4412735d3134c2111e-p_f.jpg","https://photos.zillowstatic.com/fp/421e2ac642441e694f312e75a7a0725a-p_f.jpg","https://photos.zillowstatic.com/fp/8d89e00518f0203c2d421c6260a04326-p_f.jpg","https://photos.zillowstatic.com/fp/85a1a6bf2c5e8def5c9786af51ba93ff-p_f.jpg","https://photos.zillowstatic.com/fp/4636728ab1d38c409e223d27db5aaafd-p_f.jpg","https://photos.zillowstatic.com/fp/1937f602a4e9e432202cc5e8a1a3c562-p_f.jpg","https://photos.zillowstatic.com/fp/26cb3ae05d83add8fe2b50e5e74bc151-p_f.jpg","https://photos.zillowstatic.com/fp/c97dc3f76012a8aafd5ee163497f1d54-p_f.jpg","https://photos.zillowstatic.com/fp/ea7b7be70ad4cfbcde73493d61d7282f-p_f.jpg","https://photos.zillowstatic.com/fp/97b45e9f03e12f0850ea6655b68894fb-p_f.jpg","https://photos.zillowstatic.com/fp/f692f2a5d2dcbfdec48626965408d864-p_f.jpg","https://photos.zillowstatic.com/fp/2bfc1e52b0f32f8fed5e9e744ed7dbac-p_f.jpg","https://photos.zillowstatic.com/fp/20d45721c233851e65bb38ab00acf348-p_f.jpg","https://photos.zillowstatic.com/fp/8e4125fdc3c1b3052f1e7b9bd441651c-p_f.jpg","https://photos.zillowstatic.com/fp/40ce1fca7b666ee749d1702ab313646d-p_f.jpg","https://photos.zillowstatic.com/fp/1f019dfb1c021e50de2e5431251936c0-p_f.jpg","https://photos.zillowstatic.com/fp/8c4048f067834731311c57047566a418-p_f.jpg","https://photos.zillowstatic.com/fp/998ff78222201fa755db3d22f7e81363-p_f.jpg","https://photos.zillowstatic.com/fp/d51668958f9cf41aa6371a16791ae9d4-p_f.jpg","https://photos.zillowstatic.com/fp/d35950175e02f8433d986847c872938b-p_f.jpg","https://photos.zillowstatic.com/fp/7bfa9be7940a42ab160720cd824c268f-p_f.jpg","https://photos.zillowstatic.com/fp/4bdaf0550c7979834538f12d0610a33b-p_f.jpg","https://photos.zillowstatic.com/fp/689b383411b0349256a57231f59a2b8e-p_f.jpg","https://photos.zillowstatic.com/fp/8097e093c9eb2440b6fd49279172fac8-p_f.jpg","https://photos.zillowstatic.com/fp/08ca886b5b586e075c1f31c6b1b80a3e-p_f.jpg","https://photos.zillowstatic.com/fp/84730b088fc0e117112237aa2a89f4ef-p_f.jpg","https://photos.zillowstatic.com/fp/fdd6e877afc6c5b10d29aa7b973625ab-p_f.jpg","https://photos.zillowstatic.com/fp/6b8719c97980b4c11d2a536a638f31a5-p_f.jpg","https://photos.zillowstatic.com/fp/9f6f06276e6fb106a8617abab45306e7-p_f.jpg","https://photos.zillowstatic.com/fp/a6a86077c9a4245d1cc351d286a023e9-p_f.jpg","https://photos.zillowstatic.com/fp/e3994e502e8c034a75546a6691c16ab5-p_f.jpg","https://photos.zillowstatic.com/fp/882aade55bb887327f861e59dec52e43-p_f.jpg","https://photos.zillowstatic.com/fp/f19d6c5aee76cd0fd778960f44ca9688-p_f.jpg","https://photos.zillowstatic.com/fp/5c1921e5e68e6f7024dfaec045962a6d-p_f.jpg","https://photos.zillowstatic.com/fp/35cf94f617c5a2bf4a8fe359f7b88ae3-p_f.jpg","https://photos.zillowstatic.com/fp/3337f33fcafd66118b507e258780aedf-p_f.jpg","https://photos.zillowstatic.com/fp/77cf1ddf3e5adf75752bc35d70ba2007-p_f.jpg","https://photos.zillowstatic.com/fp/1ca3afb5881a8c371a378c3fa260d8ce-p_f.jpg","https://photos.zillowstatic.com/fp/cc5780b56504cef322961e17a59b6af8-p_f.jpg","https://photos.zillowstatic.com/fp/5fd8ed83d01137d3f302af7d09a1342c-p_f.jpg","https://photos.zillowstatic.com/fp/be79b4852e8167eba8ab759d8b3c2906-p_f.jpg","https://photos.zillowstatic.com/fp/4fe53171653058790c732fbba710c45b-p_f.jpg","https://photos.zillowstatic.com/fp/af4a1c605609466b66eac4cc5f8f29d8-p_f.jpg","https://photos.zillowstatic.com/fp/4c7ba57f9d1c737a22b459446bddc06d-p_f.jpg","https://photos.zillowstatic.com/fp/3042238a8e57bf313950835c334d0ba6-p_f.jpg","https://photos.zillowstatic.com/fp/e8437e827729a1f47063378e11f9e4e2-p_f.jpg","https://photos.zillowstatic.com/fp/20109f8148c2b741c9f8e3167ca29b11-p_f.jpg","https://photos.zillowstatic.com/fp/2bd3caae2de2444d7447ae7e123bfb7c-p_f.jpg","https://photos.zillowstatic.com/fp/487d65703d29719ee46661a0fb3e4ad6-p_f.jpg","https://photos.zillowstatic.com/fp/92ab21538f28cee964aac56372ba993c-p_f.jpg","https://photos.zillowstatic.com/fp/6146ec0c7635aad50ecb25236247e5d8-p_f.jpg","https://photos.zillowstatic.com/fp/34b57515b91c1cb9b8c8d49ad8d7a3fe-p_f.jpg","399999","https://www.zillow.com/homedetails/703-N-Chestnut-Ct-Hermitage-TN-37076/41079718_zpid/","1986"
"Old Hickory",,,"TN","426 Hadleys Bend Blvd",,"37138","2","3","USD","Cute one level home tucked away in Old Hickory!  This home features a zoned 3 bedroom package with 2 full bathrooms.  The galley style kitchen opens up into the dining room and there is plenty of room in the back yard for all of your outdoor needs.  With a little TLC, this home is just waiting to shine!","RECENTLY_SOLD","36.229904","1114","-86.63404","https://photos.zillowstatic.com/fp/58c7d921e8d4c6ebde6a46744337a395-p_f.jpg","https://photos.zillowstatic.com/fp/03b96a740ec43028bc54849c6bc5da42-p_f.jpg","https://photos.zillowstatic.com/fp/e45114da3993e5a2dc490bd9b912a895-p_f.jpg","https://photos.zillowstatic.com/fp/ada718f63c9ed2ce0d2109f7b3eece51-p_f.jpg","https://photos.zillowstatic.com/fp/b2b4d1926fd02af26c65724d3475e994-p_f.jpg","https://photos.zillowstatic.com/fp/0281b6452d9a89f7bf47903ea1956095-p_f.jpg","https://photos.zillowstatic.com/fp/b889c520cc0607793f8e606f611f61cc-p_f.jpg","https://photos.zillowstatic.com/fp/888a545a8b7be306935bed918c6b80c9-p_f.jpg","https://photos.zillowstatic.com/fp/1d218687a8c20180eeb0861c20c194cd-p_f.jpg","https://photos.zillowstatic.com/fp/7e3b76fe13529eb5c7b4dc8d69bf1c2f-p_f.jpg","https://photos.zillowstatic.com/fp/b0c426fd2520ac8298c65cf18680a73c-p_f.jpg","https://photos.zillowstatic.com/fp/6792064a4ac420105d114af4419a48b9-p_f.jpg","https://photos.zillowstatic.com/fp/4cc82fa3ddf4562ada1cf0ebf1244f23-p_f.jpg","https://photos.zillowstatic.com/fp/b6f669e9e0d9eb8df70eac0cce5ed2a5-p_f.jpg","https://photos.zillowstatic.com/fp/0b43ea5818d59611dca7ca478db5dfeb-p_f.jpg","https://photos.zillowstatic.com/fp/0442aa00d4bcc73573e9084615211934-p_f.jpg","https://photos.zillowstatic.com/fp/f7205ad1121ebefe131aef1efee258b8-p_f.jpg","https://photos.zillowstatic.com/fp/cc9bed597f893a7779ba84a1d1e26c84-p_f.jpg","https://photos.zillowstatic.com/fp/272ff573cf36bd071477231075cb9ee2-p_f.jpg","https://photos.zillowstatic.com/fp/0e71978674270007067eb9c974f20453-p_f.jpg","https://photos.zillowstatic.com/fp/ff9228168b6361132fb2b66a8e8b6a5e-p_f.jpg",,,,,,,,,,,,,,,,,,,,,,,,,,,,,,,,,,,,,,,,,"240000","https://www.zillow.com/homedetails/426-Hadleys-Bend-Blvd-Old-Hickory-TN-37138/41078331_zpid/","2006"
"Nashville",,,"TN","58 Vaughns Gap Rd",,"37205","4","4","USD","Freshly updated interior features and wonderful location provides a superb opportunity for purchase * Yes, even a fully fenced back yard is included*  Additional basement living space inclusive of full bath #3 provides great flexibility for family living needs *  Located within minutes of all of the best in the Harding Road/West Meade/Warner Park corridor *","FOR_SALE","36.08564","3693","-86.88526","https://photos.zillowstatic.com/fp/7ce23093a586e9991e8cbb53dce78257-p_f.jpg","https://photos.zillowstatic.com/fp/f9f6421980a2f5a1e6d5dad10c47e380-p_f.jpg","https://photos.zillowstatic.com/fp/90c456c4cfa8fe05d5aa234621a8e51f-p_f.jpg","https://photos.zillowstatic.com/fp/09e51c9d9a31ad7e712c5c97692c134e-p_f.jpg","https://photos.zillowstatic.com/fp/8500e1b46e9d36d7dbc912b342dc3ac7-p_f.jpg","https://photos.zillowstatic.com/fp/4c69340db15cd0995aa125516dc15db4-p_f.jpg","https://photos.zillowstatic.com/fp/648804b806d5a481d0e8c91efc575eba-p_f.jpg","https://photos.zillowstatic.com/fp/3ef7344969dcb7e367e00d3d79c618c4-p_f.jpg","https://photos.zillowstatic.com/fp/9c1426d3a14dfa28b2379c69348a8c91-p_f.jpg","https://photos.zillowstatic.com/fp/1bdf5a2581fa4f3bee6e4677c40845f9-p_f.jpg","https://photos.zillowstatic.com/fp/bf389f0f9410ae0fd2d71ac8dff35646-p_f.jpg","https://photos.zillowstatic.com/fp/729488366d5ed619776101690a3ff8f1-p_f.jpg","https://photos.zillowstatic.com/fp/32d34d24c9dec5291bbe873159ea0197-p_f.jpg","https://photos.zillowstatic.com/fp/5f9059aa44fdcdda7019cedb231ef18c-p_f.jpg","https://photos.zillowstatic.com/fp/b60e8ee102f4cd7a32d63fe98f2adfd9-p_f.jpg","https://photos.zillowstatic.com/fp/9ed7b0287778718cf6c085d01ce3e73e-p_f.jpg","https://photos.zillowstatic.com/fp/08a43f4d47425bd9666aa67a75d68eac-p_f.jpg","https://photos.zillowstatic.com/fp/ced0a98cc406fa3e7e9cc4acfa076b04-p_f.jpg","https://photos.zillowstatic.com/fp/f61cf6d17238bad96ab41514376d7249-p_f.jpg","https://photos.zillowstatic.com/fp/76caf8d24c1f36f38bbc476fb6a1fc31-p_f.jpg","https://photos.zillowstatic.com/fp/352a06bda3330d473fbb09d980526656-p_f.jpg","https://photos.zillowstatic.com/fp/01b2429b5fec7324ad4f3b2689632cef-p_f.jpg","https://photos.zillowstatic.com/fp/2fcc3482359e7aa64025ec6ea45c7067-p_f.jpg","https://photos.zillowstatic.com/fp/dd9d432715a93bb53d0f2efc2634df52-p_f.jpg","https://photos.zillowstatic.com/fp/1fe6b930c38aafe3c462024f40f1116e-p_f.jpg","https://photos.zillowstatic.com/fp/98381d559ef6ece541e528d23f5a6ef6-p_f.jpg","https://photos.zillowstatic.com/fp/40b3391c6c5138c34ec4c675d80dc22e-p_f.jpg","https://photos.zillowstatic.com/fp/122242ee39b27ad02fd76381816cbe20-p_f.jpg",,,,,,,,,,,,,,,,,,,,,,,,,,,,,,,,,,"590000","https://www.zillow.com/homedetails/58-Vaughns-Gap-Rd-Nashville-TN-37205/41155114_zpid/","1964"
"Madison",,,"TN","425 Emmitt Ave",,"37115","1","1","USD","Bring your General Contractor and make your dream a reality!  No HOA or HPR!","RECENTLY_SOLD","36.251354","1650","-86.7089","https://photos.zillowstatic.com/fp/e739d8797516f7569fdff7397368cafb-p_f.jpg","https://photos.zillowstatic.com/fp/22c7a5b187cab42c68915daefcd385fd-p_f.jpg","https://photos.zillowstatic.com/fp/5e4bf0e9671a6ff2f023145ac8e91b1f-p_f.jpg","https://photos.zillowstatic.com/fp/eaf8617e77a52290968ab98be0aa26f7-p_f.jpg","https://photos.zillowstatic.com/fp/dcc2963fd761817585c262561c53f097-p_f.jpg","https://photos.zillowstatic.com/fp/e845a5652d37f65334f4d0b8d136fd44-p_f.jpg","https://photos.zillowstatic.com/fp/5145ae591ffee858dff0f43f04bd6494-p_f.jpg","https://photos.zillowstatic.com/fp/b462cbf59a5a0ea39e871a6915c3708e-p_f.jpg",,,,,,,,,,,,,,,,,,,,,,,,,,,,,,,,,,,,,,,,,,,,,,,,,,,,,,"207500","https://www.zillow.com/homedetails/425-Emmitt-Ave-Madison-TN-37115/41065994_zpid/","1948"
"Old Hickory",,,"TN","119 Buffalo St",,"37138","1","3","USD","Completely renovated 3 bed 1 bath home in the Village Of Old Hickory! New laminate flooring throughout ~ Fresh paint inside and out ~ All new lighting ~ Renovated bathroom with subway tile shower ~ New stainless steel appliances ~ New granite countertops ~ 2 newly built decks ~ Separate entrance to finished basement ~ You do not want to miss your chance at calling this beautiful home yours! Professional pictures coming soon!","FOR_SALE","36.268463","1571","-86.64863","https://photos.zillowstatic.com/fp/943091de68dcfd324ddeb746662a289a-p_f.jpg",,,,,,,,,,,,,,,,,,,,,,,,,,,,,,,,,,,,,,,,,,,,,,,,,,,,,,,,,,,,,"319900","https://www.zillow.com/homedetails/119-Buffalo-St-Old-Hickory-TN-37138/41060924_zpid/","1930"
"Nashville",,,"TN","325 Pullen Ave",,"37207","2","3","USD","Completely renovated craftsman home conveniently located near East Nashville & Downtown. Open concept living with an amazing kitchen that includes quartz counter tops, marble backslash & gas range.  New windows, roof, bamboo floors, HVAC & water heater. Fully fenced in back yard with alley access. Must-see custom designed primary bed and bath with vaulted ceilings and walk-out balcony.","RECENTLY_SOLD","36.200615","1530","-86.764","https://photos.zillowstatic.com/fp/3b3181ced5202f013bcf8eb873f4bd6b-p_f.jpg","https://photos.zillowstatic.com/fp/04db80f9e60d647fe58583fc43fda229-p_f.jpg","https://photos.zillowstatic.com/fp/bf6ec7f38e312be81d7524a8b146ace2-p_f.jpg","https://photos.zillowstatic.com/fp/d8d7568f354cd277c3bebfd9cc236d15-p_f.jpg","https://photos.zillowstatic.com/fp/849cfec68352bf7d84dee2ffe8c28d46-p_f.jpg","https://photos.zillowstatic.com/fp/efe7a5e75619f6986b18e5c087086c0a-p_f.jpg","https://photos.zillowstatic.com/fp/db81cf0ce2ee80c985ebde6183e9dace-p_f.jpg","https://photos.zillowstatic.com/fp/aa6b0190e7f366a5ae14b5a4d1049266-p_f.jpg","https://photos.zillowstatic.com/fp/1ac69bae0bc8613e793e477b5ccfbd2e-p_f.jpg","https://photos.zillowstatic.com/fp/afcc0b3737d0b66bd28f7d961f10ffe0-p_f.jpg","https://photos.zillowstatic.com/fp/baf374e9449efbeb1bf8bedf9a30c78d-p_f.jpg","https://photos.zillowstatic.com/fp/40ee2f0d3eb3004fc1eea701dcad1dcf-p_f.jpg","https://photos.zillowstatic.com/fp/3aa606a351e47d50059d130a13a1ed10-p_f.jpg","https://photos.zillowstatic.com/fp/ede22d6c90ee39563719532ee269c218-p_f.jpg","https://photos.zillowstatic.com/fp/f3c0ec8103742873d5352155d4f09ad0-p_f.jpg","https://photos.zillowstatic.com/fp/c496b00bd60e5edb87b107157acfe2d7-p_f.jpg","https://photos.zillowstatic.com/fp/b58a28420c179a7e6ed5876354858b17-p_f.jpg","https://photos.zillowstatic.com/fp/378f210f5b660ef160fae9cab01d6dcb-p_f.jpg","https://photos.zillowstatic.com/fp/62ea51663897bd75743ad8821d1a9c3e-p_f.jpg","https://photos.zillowstatic.com/fp/d9d873013b84e279d571b2e8ce0f98e6-p_f.jpg","https://photos.zillowstatic.com/fp/9918f2f20e9810c3deff24abad46b008-p_f.jpg",,,,,,,,,,,,,,,,,,,,,,,,,,,,,,,,,,,,,,,,,"499000","https://www.zillow.com/homedetails/325-Pullen-Ave-Nashville-TN-37207/41083942_zpid/","1940"
"Antioch",,,"TN","4220 October Woods Dr",,"37013","3","3","USD","This beautiful 3 Bedrooms and 2.5  baths ALL BRICK home is located in highly desirable October Woods neighborhood. Lots of closet space, & storage. Fireplace is gas or wood burning. Over-sized garage, and is side entry, giving home GREAT curb-appeal. Easy access to I-24 and Shopping centers!! Won't last at this price!!!  Professional Photos coming soon!","FOR_SALE","36.00741","2917","-86.63057","https://photos.zillowstatic.com/fp/8e9ced235027809f717a476c1e05293f-p_f.jpg","https://photos.zillowstatic.com/fp/def380ffc27f8a5257b449ed72b4badc-p_f.jpg","https://photos.zillowstatic.com/fp/d1507fc75ade4d682500b46cb081d0d2-p_f.jpg","https://photos.zillowstatic.com/fp/d1507fc75ade4d682500b46cb081d0d2-p_f.jpg","https://photos.zillowstatic.com/fp/59ae03f023a3ee5d3cef8eace412d60e-p_f.jpg","https://photos.zillowstatic.com/fp/7eadda42703a570a07f29eef743841ce-p_f.jpg","https://photos.zillowstatic.com/fp/65c31d18f8f20b3a8f816c2205e09408-p_f.jpg","https://photos.zillowstatic.com/fp/7da61f9ae8154bfcdf47b97c8ec003fe-p_f.jpg","https://photos.zillowstatic.com/fp/0c12fa254bd25bc7b1bccbcd1fc14bdb-p_f.jpg","https://photos.zillowstatic.com/fp/5c5110d2bfe030fcb1141c2c0de39feb-p_f.jpg","https://photos.zillowstatic.com/fp/08170125ebb53fd44545bfb8ecf22778-p_f.jpg","https://photos.zillowstatic.com/fp/dd11f9a63e5bb47a73c3ac372da523de-p_f.jpg","https://photos.zillowstatic.com/fp/f029d3c503b5642540ec06b475ab5569-p_f.jpg","https://photos.zillowstatic.com/fp/5a26c999b08832e654098224b7c7f675-p_f.jpg","https://photos.zillowstatic.com/fp/bc996321f038270bc2086207c403a791-p_f.jpg","https://photos.zillowstatic.com/fp/6f18ed5a441e8bca0478e9bd986814b9-p_f.jpg","https://photos.zillowstatic.com/fp/8de482cdd5a307b5ea883eb3932a6081-p_f.jpg","https://photos.zillowstatic.com/fp/e0c1fc7e7157d0526216db7fd9c3e680-p_f.jpg","https://photos.zillowstatic.com/fp/f836f64385b33126fcf3d5cdd997b887-p_f.jpg","https://photos.zillowstatic.com/fp/4f342f19212d9544e3c76060fceb168b-p_f.jpg","https://photos.zillowstatic.com/fp/887ea47eecd5e3ad997737296ab82de2-p_f.jpg","https://photos.zillowstatic.com/fp/be0c493f2a404132f8a70ce9996ea451-p_f.jpg","https://photos.zillowstatic.com/fp/a25941980ccd1d6ac1c621dd2e00fc94-p_f.jpg","https://photos.zillowstatic.com/fp/c16a41addd12efe6a7a99f38d7d48597-p_f.jpg","https://photos.zillowstatic.com/fp/1dfd1315f08f6f961a918ffb1aed5bb2-p_f.jpg","https://photos.zillowstatic.com/fp/c16a41addd12efe6a7a99f38d7d48597-p_f.jpg","https://photos.zillowstatic.com/fp/bb85474b1662b028ed53dc0e10345d4c-p_f.jpg",,,,,,,,,,,,,,,,,,,,,,,,,,,,,,,,,,,"415000","https://www.zillow.com/homedetails/4220-October-Woods-Dr-Antioch-TN-37013/50587665_zpid/","2000"
"Nashville",,,"TN","941 W Greenwood Ave",,"37206","2","3","USD","OFFER DEADLINE 4pm Friday. Amazing rehab opportunity! Located down the street from the new Publix, Coffee shops and restaurants, this home has great bones, hardwood floors and lots of charm, just needs some love. 3/2 1800 Sq ft. plus Floored attic expansion, SO MUCH POTENTIAL. Den could be 4th bedroom.","RECENTLY_SOLD","36.191235","1805","-86.751465","https://photos.zillowstatic.com/fp/39b084677dde3e990342023787d2b82c-p_f.jpg","https://photos.zillowstatic.com/fp/f7134f068fb4c418c61a21d1917ffae9-p_f.jpg","https://photos.zillowstatic.com/fp/f29e6a809cb4f2b596353f1fcaa648fb-p_f.jpg","https://photos.zillowstatic.com/fp/4624c39751c3c97a92c7c883c157313b-p_f.jpg","https://photos.zillowstatic.com/fp/6cea9e9fc47885ae3ae6f59f853bf4c8-p_f.jpg","https://photos.zillowstatic.com/fp/43c081e90f09f5aded8af37cc84f4707-p_f.jpg","https://photos.zillowstatic.com/fp/cf5a6273ae7d5aeb07f0d22b91d71bd8-p_f.jpg","https://photos.zillowstatic.com/fp/f3493f86ccadfb56e59b24aadc1fd800-p_f.jpg","https://photos.zillowstatic.com/fp/db87dc0a49362d675dfbcdd8b5a4fc03-p_f.jpg","https://photos.zillowstatic.com/fp/8fe4259fe1ab5975556d3757321310f5-p_f.jpg",,,,,,,,,,,,,,,,,,,,,,,,,,,,,,,,,,,,,,,,,,,,,,,,,,,,"391000","https://www.zillow.com/homedetails/941-W-Greenwood-Ave-Nashville-TN-37206/71264183_zpid/","1949"
"Joelton",,,"TN","7446 Whites Creek Pike",,"37080","3","3","USD","Remodeled and waiting on you!  New LVT in Living Room, Kitchen and Bedrooms.  New granite counter top.  Stainless appliances.  New lights.  3 full baths.  New deck out back.  Large yard.  Sits far off road.","FOR_SALE","36.33161","1515","-86.8681","https://photos.zillowstatic.com/fp/5e9cf99eef0364e398f279f20a0597e6-p_f.jpg","https://photos.zillowstatic.com/fp/b3d15571330a9c98237051943b506833-p_f.jpg","https://photos.zillowstatic.com/fp/12755a530cfc5f43f195708215ebb332-p_f.jpg","https://photos.zillowstatic.com/fp/7890d514a5e22cd9c4307eaa2c978c78-p_f.jpg","https://photos.zillowstatic.com/fp/77dc5112a64f0b9d50e0aef97c35bbb3-p_f.jpg","https://photos.zillowstatic.com/fp/27777c42f0caf90aa11afb497ae10612-p_f.jpg","https://photos.zillowstatic.com/fp/8f585fbc0e2126a9ca170f34376add35-p_f.jpg","https://photos.zillowstatic.com/fp/6fae4a36c9b4d6177281503b411f5979-p_f.jpg","https://photos.zillowstatic.com/fp/af993831091cc90866d1ae30670bff01-p_f.jpg","https://photos.zillowstatic.com/fp/9b4b258d5d41e0fc96d7814ea7454241-p_f.jpg","https://photos.zillowstatic.com/fp/8885a04fe1d6a7b125ed68d4d0362cca-p_f.jpg","https://photos.zillowstatic.com/fp/7df26144a4bed81c2cf04bc0bf670ead-p_f.jpg","https://photos.zillowstatic.com/fp/424db71acec753097e35b82c98478113-p_f.jpg","https://photos.zillowstatic.com/fp/7cbacf8c8b035544a7b21b9d4caf846e-p_f.jpg","https://photos.zillowstatic.com/fp/ce33d1b2ca68223cf86ab5ca4600f2c7-p_f.jpg","https://photos.zillowstatic.com/fp/b04e749a80d7507ddbcd2691ee7a2c6d-p_f.jpg","https://photos.zillowstatic.com/fp/2be7e54ecbf84ab8ffa6c753c490536a-p_f.jpg","https://photos.zillowstatic.com/fp/52fd0facde27f6e903c8c0b6cff268bd-p_f.jpg","https://photos.zillowstatic.com/fp/4fdb6a6f48850bd0c1e32a52017cccd9-p_f.jpg","https://photos.zillowstatic.com/fp/7f22b7d9533fd1d18c51302d53a15a87-p_f.jpg","https://photos.zillowstatic.com/fp/a98252acc6c1ed1d23210663fda636cd-p_f.jpg",,,,,,,,,,,,,,,,,,,,,,,,,,,,,,,,,,,,,,,,,"349900","https://www.zillow.com/homedetails/7446-Whites-Creek-Pike-Joelton-TN-37080/41049011_zpid/","1981"
"Nashville",,,"TN","2002 Manchester Ave",,"37218","4","3","USD","Priceless downtown Nashville skyline views! Manchester Heights is a private 8 home enclave with easy Interstate access. Convenient to downtown. Quality new construction. Two car garage! Chef's kitchen with stainless appliances. Quartz, Custom Cabinets, and hardwoods throughout. Gas range. Open floor plan. Luxurious Master Suite.","FOR_SALE","36.19403","1752","-86.83543","https://photos.zillowstatic.com/fp/7e6fc3449ad61634fb007e075c1d952a-p_f.jpg",,,,,,,,,,,,,,,,,,,,,,,,,,,,,,,,,,,,,,,,,,,,,,,,,,,,,,,,,,,,,"550000","https://www.zillow.com/homedetails/2002-Manchester-Ave-Nashville-TN-37218/2067070925_zpid/","2021"
"Hermitage",,,"TN","653 Belgium Dr",,"37076","2","3","USD","Comp Purposes","RECENTLY_SOLD","36.203045","1300","-86.59755","https://photos.zillowstatic.com/fp/e4d060fd947334ce49d17da127c9a4e2-p_f.jpg",,,,,,,,,,,,,,,,,,,,,,,,,,,,,,,,,,,,,,,,,,,,,,,,,,,,,,,,,,,,,"338116","https://www.zillow.com/homedetails/653-Belgium-Dr-Hermitage-TN-37076/71260876_zpid/","2005"
"Nashville",,,"TN","836 Brook Hollow Rd",,"37205","3","3","USD","An excellent opportunity for an addition/ tear down / new build on a pristine 1-acre lot in highly sought-after Hillwood.  You can also elect to live in this perfect West Meade charmer, which includes 3 bedrooms, 2.5 baths. This home is an all brick ranch home that was fully renovated recently and includes hardwood floors, granite countertops, and stainless steel appliances. Fresh interior & exterior paint, large screened-in porch with gas fireplace, and a brick patio perfect for entertaining!","FOR_SALE","36.131927","1548","-86.882774","https://photos.zillowstatic.com/fp/bfbaf5c0ff2c9ca64dcc9753e3967d2d-p_f.jpg","https://photos.zillowstatic.com/fp/dae2d6d37b84c323632fd2ade932c3b1-p_f.jpg",,,,,,,,,,,,,,,,,,,,,,,,,,,,,,,,,,,,,,,,,,,,,,,,,,,,,,,,,,,,"750000","https://www.zillow.com/homedetails/836-Brook-Hollow-Rd-Nashville-TN-37205/41124975_zpid/","1956"
"Nashville",,,"TN","536 Wesley Ave",,"37207","1","2","USD","This 1940's cottage is full of charm! The home has an open floor plan, beautifully refinished hardwood floors, transom windows, and storage cabinets throughout. Plus, a large, fenced, and serene backyard ... with so much potential. The backyard is very private. Unbeatable location! An easy 10-minute drive to the heart of downtown Nashville. Conveniently located near the Trinity Lane exit off Ellington Parkway. Brand new roof (November 2021).","RECENTLY_SOLD","36.20575","978","-86.7534","https://photos.zillowstatic.com/fp/ba7cd80b604826db9a2703edd8acee2b-p_f.jpg","https://photos.zillowstatic.com/fp/f134d57a755532838e3108001dfdc300-p_f.jpg","https://photos.zillowstatic.com/fp/4a731f9e462385b4766284e663f10796-p_f.jpg","https://photos.zillowstatic.com/fp/ab09b02ae360002c6aa744c2261352f7-p_f.jpg","https://photos.zillowstatic.com/fp/5631cb33b9a6d90a43fc4888624f90af-p_f.jpg","https://photos.zillowstatic.com/fp/36c1950712c1f3f2410fa284311a7b22-p_f.jpg","https://photos.zillowstatic.com/fp/96a530be46da3c82263b88ff97e90eaa-p_f.jpg","https://photos.zillowstatic.com/fp/ebcb7c06c80557f3d997df73f5171f51-p_f.jpg","https://photos.zillowstatic.com/fp/44a9e5515ec46f7e0012333898e599de-p_f.jpg","https://photos.zillowstatic.com/fp/de8962eab54d7f1dcf74a101f2e9353b-p_f.jpg","https://photos.zillowstatic.com/fp/990882da14adb2cb570ba533a748d692-p_f.jpg","https://photos.zillowstatic.com/fp/48dc3b7e85194806e8c43c3a87da3069-p_f.jpg","https://photos.zillowstatic.com/fp/439d03c17b7465dead29149981993a98-p_f.jpg","https://photos.zillowstatic.com/fp/fcdfefcc826b72a7d0a56e4a21812250-p_f.jpg","https://photos.zillowstatic.com/fp/57867fb130767a7010dea7f3088315c4-p_f.jpg","https://photos.zillowstatic.com/fp/7e31c9b51ce538b220891d8cdecf1523-p_f.jpg","https://photos.zillowstatic.com/fp/bf21b20e4f5fe36960292465507d071f-p_f.jpg","https://photos.zillowstatic.com/fp/e20be7612d0beb7f564b2163abb96bdc-p_f.jpg","https://photos.zillowstatic.com/fp/5c00140953d142b884eb54e2f762201b-p_f.jpg","https://photos.zillowstatic.com/fp/b6955f6d1e1163c2a3acfb0e198bca1e-p_f.jpg","https://photos.zillowstatic.com/fp/5d6f94726b344e069eaf80a76df2d701-p_f.jpg","https://photos.zillowstatic.com/fp/e7ba2de59655e07e98c9c9a6eba636ec-p_f.jpg","https://photos.zillowstatic.com/fp/71643556e5dfd0a9039cc6504d33e7c0-p_f.jpg","https://photos.zillowstatic.com/fp/8838717f3e185745c6406d4db49fcfe0-p_f.jpg","https://photos.zillowstatic.com/fp/98699c574d78c12ef8233c7c4aeab86a-p_f.jpg","https://photos.zillowstatic.com/fp/3874b8499a0dfe3cacc3ae39374039e4-p_f.jpg",,,,,,,,,,,,,,,,,,,,,,,,,,,,,,,,,,,,"340000","https://www.zillow.com/homedetails/536-Wesley-Ave-Nashville-TN-37207/41083503_zpid/","1949"
"Nashville",,,"TN","1904 Hutton Dr #A",,"37210","3","3","USD","Amazing new home built by reputable builder, Ridgemont Homes! Home features include a dream kitchen, beautiful trim & shiplap accents throughout, beams in the living area, covered back porch, huge backyard and more! Conveniently located close to Downtown and the new MLS Stadium. This is the home that you've been waiting for!","FOR_SALE","36.132385","2145","-86.751175","https://photos.zillowstatic.com/fp/69644b05f4c60efc8f67de940bb90189-p_f.jpg","https://photos.zillowstatic.com/fp/f1a7beda8ab81fbd37803f71b5d2c20b-p_f.jpg","https://photos.zillowstatic.com/fp/062063ffba878a950bf88fba407ed39f-p_f.jpg","https://photos.zillowstatic.com/fp/59bab7c7da9830f52a87629b6632d059-p_f.jpg","https://photos.zillowstatic.com/fp/6e265ba738b4d70ce643f86db6ffb2a0-p_f.jpg","https://photos.zillowstatic.com/fp/19ea7b28762149474570fd0d9d8650be-p_f.jpg","https://photos.zillowstatic.com/fp/0204f7d097417658cd44d53c2a8f080e-p_f.jpg","https://photos.zillowstatic.com/fp/e52d3dddff17a8ab6cc56e287fcc96e2-p_f.jpg","https://photos.zillowstatic.com/fp/77277618f96af78f9841a791274cd6a9-p_f.jpg","https://photos.zillowstatic.com/fp/9c7c39f59db1a4b99e58fb2462ddcc2c-p_f.jpg","https://photos.zillowstatic.com/fp/11cc69aa34d4ad1eb62bbd4acb839fa0-p_f.jpg","https://photos.zillowstatic.com/fp/6e7fa6c84b400108eff21afa96716c7a-p_f.jpg","https://photos.zillowstatic.com/fp/800e85c395a29f7385ce4b7eab81a159-p_f.jpg","https://photos.zillowstatic.com/fp/c415ef9534f53f03629dde6d0d9a11b4-p_f.jpg","https://photos.zillowstatic.com/fp/3a91e5e81e1bc5585ea8a2bc1fd227f0-p_f.jpg","https://photos.zillowstatic.com/fp/a2e8366f6410145b21b0c33f0470ad89-p_f.jpg","https://photos.zillowstatic.com/fp/acc0b7c32530b34b630f27d643049331-p_f.jpg","https://photos.zillowstatic.com/fp/9001403e67572c81cb7cfc3226913434-p_f.jpg","https://photos.zillowstatic.com/fp/9832755c459e07012297761e440b349d-p_f.jpg","https://photos.zillowstatic.com/fp/01c789d51892b731fd57b868ea3a3cd8-p_f.jpg","https://photos.zillowstatic.com/fp/a4166e41339cd9ba2202772d6a1ed002-p_f.jpg","https://photos.zillowstatic.com/fp/b9f639bae87ec21a6a626bd9342b6879-p_f.jpg","https://photos.zillowstatic.com/fp/300aa665244b8a88158d8616a586a016-p_f.jpg","https://photos.zillowstatic.com/fp/57308405bae1d1b9d64a83667ffbbbf5-p_f.jpg",,,,,,,,,,,,,,,,,,,,,,,,,,,,,,,,,,,,,,"710000","https://www.zillow.com/homedetails/1904-Hutton-Dr-A-Nashville-TN-37210/2067854256_zpid/","2021"
"Nashville",,,"TN","4002 Burrus St",,"37216","3","3","USD","This wonderful 3 bedroom, 2.5 bath home is in a great location! Walking distance to a coffee shop! Built in 2019, it has an open plan on the first floor, great for entertaining. The privacy fence also makes it perfect for backyard fun!","RECENTLY_SOLD","36.220814","1886","-86.73046","https://photos.zillowstatic.com/fp/e6d6a37ea947843c70cfd3af626ec068-p_f.jpg","https://photos.zillowstatic.com/fp/7a10ac57ec54d5c36cd4f1c4dbd2cabe-p_f.jpg","https://photos.zillowstatic.com/fp/d48d1d9fa5cb579fb84d6199ec56478b-p_f.jpg","https://photos.zillowstatic.com/fp/cd775e1850a1c009c955b054f79bde4a-p_f.jpg","https://photos.zillowstatic.com/fp/39858b9da3d1bfc50ce487ec8b2b014b-p_f.jpg","https://photos.zillowstatic.com/fp/ebc385e38549d840a1d7bda363ce6b13-p_f.jpg","https://photos.zillowstatic.com/fp/e02a85a84204f8dc6777c8845267805c-p_f.jpg","https://photos.zillowstatic.com/fp/d5fce50849f0ad59122645e2d44f9535-p_f.jpg","https://photos.zillowstatic.com/fp/75c4ba84ac14825323e73624f0ef4c7a-p_f.jpg","https://photos.zillowstatic.com/fp/87bcc204b1d1912f629610d24354d1a0-p_f.jpg","https://photos.zillowstatic.com/fp/0404a07010569a5217405dfb6cfe20c8-p_f.jpg","https://photos.zillowstatic.com/fp/e7cdbb593b57aa0979d063f66c21d8de-p_f.jpg","https://photos.zillowstatic.com/fp/dcbc9019a1400ffc4aa7e74b0799d270-p_f.jpg","https://photos.zillowstatic.com/fp/e45ff0dc52ca4a3643898d7241e272bc-p_f.jpg","https://photos.zillowstatic.com/fp/538a7a6399df30016692b73b17eba02c-p_f.jpg","https://photos.zillowstatic.com/fp/9d6a1d756b4455433f4da985a658b749-p_f.jpg","https://photos.zillowstatic.com/fp/44f97571ee7b223dd57564fc5a26b1cc-p_f.jpg","https://photos.zillowstatic.com/fp/1b6eb7666de72822170084ca7eadd6f2-p_f.jpg","https://photos.zillowstatic.com/fp/7acc41b8f9d9dbb82b753f9d46e4de2b-p_f.jpg","https://photos.zillowstatic.com/fp/c9a7210e21fb9a5682c2b923d9f15613-p_f.jpg","https://photos.zillowstatic.com/fp/a00034df700bc39d420baec623647176-p_f.jpg","https://photos.zillowstatic.com/fp/61632d6b5b8262adfa4ee30fc9798e24-p_f.jpg","https://photos.zillowstatic.com/fp/2e2c57e35ce836155557af01100224f4-p_f.jpg","https://photos.zillowstatic.com/fp/2fed4dfd015bbaba355a116a55274a80-p_f.jpg","https://photos.zillowstatic.com/fp/ca236a7353886c0d7f1787d2f2603db2-p_f.jpg","https://photos.zillowstatic.com/fp/2e4db6ffa2fcaffb2a1916cf1c828019-p_f.jpg","https://photos.zillowstatic.com/fp/769a90e57037a1a84ccca0257b09f829-p_f.jpg","https://photos.zillowstatic.com/fp/2f60627697f195913d4c9ca1382d5253-p_f.jpg","https://photos.zillowstatic.com/fp/03820707e91376ad084f60bc447c1c3b-p_f.jpg","https://photos.zillowstatic.com/fp/5cbca375de4b43fdb30522c81d2bff4f-p_f.jpg",,,,,,,,,,,,,,,,,,,,,,,,,,,,,,,,"551000","https://www.zillow.com/homedetails/4002-Burrus-St-Nashville-TN-37216/296611125_zpid/","2019"
"Nashville",,,"TN","849 Cherokee Ave #9",,"37207","4","3","USD","Priced to move FULLY FURNISHED great NOO STR.  Durable/luxury finishes and all hardwood floors. Turn key.","RECENTLY_SOLD","36.201504","1802","-86.75161","https://photos.zillowstatic.com/fp/2124454563b83d2fefc2f6dbca8dbb52-p_f.jpg","https://photos.zillowstatic.com/fp/bf5bfa342bff7b4c5c11d4e039b0bcf0-p_f.jpg","https://photos.zillowstatic.com/fp/b00ad15d32a6ee0e9a219257a1349e71-p_f.jpg","https://photos.zillowstatic.com/fp/6b98bc9bf916c756a3dc00674feaa16a-p_f.jpg","https://photos.zillowstatic.com/fp/541c6e788c597d0e3cc96d8e679c4b5c-p_f.jpg","https://photos.zillowstatic.com/fp/0f5593eed16a69c140d6ecff3a26b5a8-p_f.jpg","https://photos.zillowstatic.com/fp/2cda2730b1253394365c4abec043bd20-p_f.jpg","https://photos.zillowstatic.com/fp/c0410f4a5da538ff6b5ddadc3bbbc586-p_f.jpg","https://photos.zillowstatic.com/fp/8f195075621ae5eb6f03729927a55607-p_f.jpg","https://photos.zillowstatic.com/fp/7b864216fa73b7ce12475d4c30f04994-p_f.jpg","https://photos.zillowstatic.com/fp/000dd079ea0ab2ae8c25115867067e8e-p_f.jpg","https://photos.zillowstatic.com/fp/5f40330703250f44ca417f4adfefed10-p_f.jpg","https://photos.zillowstatic.com/fp/c8669d8637fd09ebdaf67b2071c348f2-p_f.jpg","https://photos.zillowstatic.com/fp/be31c81269d2339fcd89656686254090-p_f.jpg","https://photos.zillowstatic.com/fp/c86b25e0c368718aed7d2128cc8d706c-p_f.jpg","https://photos.zillowstatic.com/fp/db7cb9c2a2c060df6021a9d95b23d62e-p_f.jpg","https://photos.zillowstatic.com/fp/5ff7cfe5cf2fa733affae0d0dddb45a8-p_f.jpg","https://photos.zillowstatic.com/fp/597c722fe59f496cecdb6d2bd75f3864-p_f.jpg","https://photos.zillowstatic.com/fp/d30d33db9f971fa714f6a8e1621abfd6-p_f.jpg","https://photos.zillowstatic.com/fp/dc64588fdcf295d634114c8fe841f633-p_f.jpg","https://photos.zillowstatic.com/fp/d5015e0afc3c326a2eb73cb2ddb0ccfe-p_f.jpg","https://photos.zillowstatic.com/fp/b1cc0040e56a6e1f1d09ec670761e23a-p_f.jpg","https://photos.zillowstatic.com/fp/8461e4131f2f15388fec6bd27974787c-p_f.jpg","https://photos.zillowstatic.com/fp/d93adbec4c9106895d73f296ae3bbff2-p_f.jpg","https://photos.zillowstatic.com/fp/a3e38c3c8ccf163f38a0b7661279b820-p_f.jpg","https://photos.zillowstatic.com/fp/160ffaf34511f70aadfd0e0899628690-p_f.jpg","https://photos.zillowstatic.com/fp/f5fc428aa7d1cddf9281c45bc4a36c1b-p_f.jpg","https://photos.zillowstatic.com/fp/aee0ca996c092e96f7447d72a627371d-p_f.jpg","https://photos.zillowstatic.com/fp/4b1224749bfbc8cc2b4c53c9b22b9abe-p_f.jpg",,,,,,,,,,,,,,,,,,,,,,,,,,,,,,,,,"480000","https://www.zillow.com/homedetails/849-Cherokee-Ave-9-Nashville-TN-37207/333212556_zpid/","2020"
