SALE TYPE,SOLD DATE,PROPERTY TYPE,ADDRESS,CITY,STATE OR PROVINCE,ZIP OR POSTAL CODE,PRICE,BEDS,BATHS,LOCATION,SQUARE FEET,LOT SIZE,YEAR BUILT,DAYS ON MARKET,$/SQUARE FEET,HOA/MONTH,STATUS,NEXT OPEN HOUSE START TIME,NEXT OPEN HOUSE END TIME,URL (SEE https://www.redfin.com/buy-a-home/comparative-market-analysis FOR INFO ON PRICING),SOURCE,MLS#,FAVORITE,INTERESTED,LATITUDE,LONGITUDE
PAST SALE,April-20-2021,Single Family Residential,627 Skyview Dr,Nashville,TN,37206,400000,3,1.0,Rolling Acres,1704,11325,1945,,235,,Sold,,,https://www.redfin.com/TN/Nashville/627-Skyview-Dr-37206/home/108124220,REALTRACS,2231104,N,Y,36.1800263,-86.7314414
PAST SALE,May-12-2021,Single Family Residential,1613 Jacksons Valley Pl,Hermitage,TN,37076,361000,3,2.0,Ridgemere,1895,16117,1992,,191,,Sold,,,https://www.redfin.com/TN/Hermitage/1613-Jacksons-Valley-Pl-37076/home/107977773,REALTRACS,2243115,N,Y,36.188682,-86.6039739
PAST SALE,June-3-2021,Single Family Residential,2076 Stanford Village Dr,Antioch,TN,37013,336000,3,2.5,Stanford Village,1641,9147,2001,,205,25,Sold,,,https://www.redfin.com/TN/Antioch/2076-Stanford-Village-Dr-37013/home/108098604,REALTRACS,2249303,N,Y,36.0215742,-86.6890057
PAST SALE,June-21-2021,Single Family Residential,1827 Cephas St,Nashville,TN,37208,460000,3,2.0,Cephas Woodard,1779,5662,2017,,259,,Sold,,,https://www.redfin.com/TN/Nashville/1827-Cephas-St-37208/home/87804189,REALTRACS,2253455,N,Y,36.1820588,-86.8065578
PAST SALE,August-5-2021,Single Family Residential,7620 Staffordshire Dr,Nashville,TN,37221,475000,3,2.5,Sheffield On The Harpeth,1843,11325,1987,,258,75,Sold,,,https://www.redfin.com/TN/Nashville/7620-Staffordshire-Dr-37221/home/60866359,REALTRACS,2267139,N,Y,36.0640803,-86.9716672
PAST SALE,August-20-2021,Single Family Residential,189 53rd Ave N,Nashville,TN,37209,425000,2,1.0,Sylvan Park,993,6098,1963,,428,,Sold,,,https://www.redfin.com/TN/Nashville/189-53rd-Ave-N-37209/home/87805309,REALTRACS,2279517,N,Y,36.1453429,-86.8510314
PAST SALE,July-9-2021,Single Family Residential,159 Tusculum Rd,Antioch,TN,37013,250000,2,1.0,Colemont,1024,15681,1940,,244,,Sold,,,https://www.redfin.com/TN/Antioch/159-Tusculum-Rd-37013/home/107991062,REALTRACS,2253578,N,Y,36.0535182,-86.6911305
PAST SALE,February-23-2021,Single Family Residential,1414 Timber Valley Dr,Nashville,TN,37214,230000,5,2.0,Percy Priest Woods,1872,4791,1984,,123,,Sold,,,https://www.redfin.com/TN/Nashville/1414-Timber-Valley-Dr-37214/home/108053303,REALTRACS,2223439,N,Y,36.1291096,-86.6377663
PAST SALE,,Single Family Residential,518 E Maple St,Madison,TN,37115,184830,2,1.0,,757,9148,1935,,244,,,,,https://www.redfin.com/TN/Madison/518-E-Maple-St-37115/home/60735994,,,N,Y,36.26124,-86.7020859
PAST SALE,August-27-2021,Single Family Residential,702 Ries Ave,Nashville,TN,37209,325000,3,1.0,Moss Wood,912,8276,1960,,356,,Sold,,,https://www.redfin.com/TN/Nashville/702-Ries-Ave-37209/home/101096944,REALTRACS,2277242,N,Y,36.1602809,-86.8727828
PAST SALE,May-14-2021,Condo/Co-op,850 Kirkwood Ave Unit B,Nashville,TN,37204,289900,2,1.0,Kirkwood Glen,864,871,1959,,336,220,Sold,,,https://www.redfin.com/TN/Nashville/850-Kirkwood-Ave-37204/unit-B/home/101643885,REALTRACS,2242674,N,Y,36.120882,-86.78221
PAST SALE,April-16-2021,Townhouse,2120 Lebanon Pike #104,Nashville,TN,37210,230000,3,2.5,Easthaven,1452,871,2003,,158,125,Sold,,,https://www.redfin.com/TN/Nashville/2120-Lebanon-Pike-37210/unit-104/home/60656378,REALTRACS,2234937,N,Y,36.1635806,-86.7026493
PAST SALE,May-27-2021,Condo/Co-op,4807 Tennessee Ave Unit A,Nashville,TN,37209,650000,3,2.5,The Nations,2262,,2019,,287,,Sold,,,https://www.redfin.com/TN/Nashville/4807-Tennessee-Ave-37209/unit-A/home/170540459,REALTRACS,2243508,N,Y,36.1607649,-86.8458959
PAST SALE,September-23-2021,Condo/Co-op,5756 Brentwood Trce,Brentwood,TN,37027,230000,2,1.0,Brentwood Trace,992,871,1979,,232,200,Sold,,,https://www.redfin.com/TN/Brentwood/5756-Brentwood-Trce-37027/home/108012445,REALTRACS,2287488,N,Y,36.039459,-86.775522
PAST SALE,June-4-2021,Single Family Residential,5137 Highlander Dr,Antioch,TN,37013,277000,3,2.0,Hickory Highland Place,1320,11325,2003,,210,,Sold,,,https://www.redfin.com/TN/Antioch/5137-Highlander-Dr-37013/home/107989263,REALTRACS,2250701,N,Y,36.0582949,-86.6565038
PAST SALE,February-26-2021,Single Family Residential,598 Hill Creek Dr,Nashville,TN,37211,345000,4,2.0,Candlestick Farms,1799,19602,1965,,192,,Sold,,,https://www.redfin.com/TN/Nashville/598-Hill-Creek-Dr-37211/home/60845692,REALTRACS,2211213,N,Y,36.0628772,-86.7360385
PAST SALE,July-2-2021,Townhouse,7529 Kemberton Ct,Nolensville,TN,37135,305000,3,2.5,Village Of Burkitt Place,1744,1742,2007,,175,250,Sold,,,https://www.redfin.com/TN/Nolensville/7529-Kemberton-Ct-37135/home/108045794,REALTRACS,2256270,N,Y,35.9894109,-86.678243
PAST SALE,January-15-2021,Single Family Residential,889 Pin Oak Dr,Antioch,TN,37013,265000,3,2.0,Hallmark,1515,5227,2018,,175,,Sold,,,https://www.redfin.com/TN/Antioch/889-Pin-Oak-Dr-37013/unit-187/home/144425702,REALTRACS,2214575,N,Y,36.0510904,-86.5897606
PAST SALE,January-22-2021,Townhouse,917 Spence Enclave Ct,Nashville,TN,37210,249600,3,2.5,Spence Enclave,1450,871,2012,,172,110,Sold,,,https://www.redfin.com/TN/Nashville/917-Spence-Enclave-Ct-37210/home/68703136,REALTRACS,2211069,N,Y,36.153518,-86.71933
PAST SALE,September-27-2021,Single Family Residential,620 Copper Ridge Trl,Antioch,TN,37013,502000,5,4.0,Oak Highlands,4023,6969,2002,,125,15,Sold,,,https://www.redfin.com/TN/Antioch/620-Copper-Ridge-Trl-37013/home/60739833,REALTRACS,2273662,N,Y,36.0349735,-86.6810366
PAST SALE,March-4-2021,Single Family Residential,4016 Outer Dr,Nashville,TN,37204,1792500,5,5.5,Rolling Meadows,4753,20473,2018,,377,,Sold,,,https://www.redfin.com/TN/Nashville/4016-Outer-Dr-37204/home/68813016,REALTRACS,2221812,N,Y,36.1021812,-86.7823823
PAST SALE,July-8-2021,Townhouse,3567 Gondola Dr,Antioch,TN,37013,200000,2,1.5,Chelsea Of Priest Lake,1152,4791,1985,,174,,Sold,,,https://www.redfin.com/TN/Antioch/3567-Gondola-Dr-37013/home/108008141,REALTRACS,2259775,N,Y,36.082916,-86.600048
PAST SALE,April-15-2021,Single Family Residential,3916 W Valley Dr,Nashville,TN,37211,255000,3,1.0,Locustwood,1231,14810,1957,,207,,Sold,,,https://www.redfin.com/TN/Nashville/3916-W-Valley-Dr-37211/home/60794875,REALTRACS,2231167,N,Y,36.0682006,-86.7009765
PAST SALE,October-28-2021,Multi-Family (2-4 Unit),200 Tuckahoe Sq W,Nashville,TN,37207,271200,6,2.0,Tuckahoe Square,1911,14810,1985,,142,,Sold,,,https://www.redfin.com/TN/Nashville/200-Tuckahoe-Sq-W-37207/home/64815075,REALTRACS,2279516,N,Y,36.2599163,-86.7661277
PAST SALE,November-1-2021,Single Family Residential,8057 Brockman Ln,Nashville,TN,37211,515000,3,2.5,Delvin Downs,2652,8712,2019,,194,22,Sold,,,https://www.redfin.com/TN/Antioch/8057-Brockman-Ln-37211/home/146177136,REALTRACS,2295930,N,Y,36.0198269,-86.6926738
PAST SALE,January-19-2021,Townhouse,855 S Douglas Ave,Nashville,TN,37204,367000,2,2.5,Waverly Place II Townhomes,1116,435,2005,,329,189,Sold,,,https://www.redfin.com/TN/Nashville/855-S-Douglas-Ave-37204/home/108029211,REALTRACS,2201135,N,Y,36.130903,-86.779889
PAST SALE,November-9-2021,Condo/Co-op,214 Old Hickory Blvd #144,Nashville,TN,37221,201500,2,1.5,Belle Forest,1116,435,1969,,181,238,Sold,,,https://www.redfin.com/TN/Nashville/214-Old-Hickory-Blvd-37221/unit-144/home/108054372,REALTRACS,2278776,N,Y,36.0821309,-86.916924
PAST SALE,February-23-2021,Townhouse,1023 Treaty Oaks Dr,Nashville,TN,37209,405000,3,3.0,Treaty Oaks Cottages,1500,871,2017,,270,130,Sold,,,https://www.redfin.com/TN/Nashville/1023-Treaty-Oaks-Dr-37209/home/112481777,REALTRACS,2224329,N,Y,36.162335,-86.8594041
PAST SALE,December-29-2020,Single Family Residential,8008 Poplarwood Rd,Nashville,TN,37221,490000,3,3.0,Poplarwood Estates,2959,9583,1998,,166,42,Sold,,,https://www.redfin.com/TN/Nashville/8008-Poplarwood-Rd-37221/home/108043540,REALTRACS,2209127,N,Y,36.0560711,-86.9723611
PAST SALE,February-11-2021,Single Family Residential,218 Rising Sun Ter,Old Hickory,TN,37138,615000,5,3.0,Brandywine Farms,3500,43124,1974,,176,,Sold,,,https://www.redfin.com/TN/Old-Hickory/218-Rising-Sun-Ter-37138/home/60854468,REALTRACS,2217709,N,Y,36.2384041,-86.6123848
PAST SALE,February-26-2021,Single Family Residential,106 Spero Rd,Goodlettsville,TN,37072,260000,3,2.0,Blair Manor,1700,41382,1963,,153,,Sold,,,https://www.redfin.com/TN/Goodlettsville/106-Spero-Rd-37072/home/108052162,REALTRACS,2213084,N,Y,36.2894108,-86.7270395
PAST SALE,September-15-2021,Multi-Family (2-4 Unit),2504 Mcginnis Dr,Nashville,TN,37216,375000,4,2.0,Moss Rose Estates,1920,10454,1979,,195,,Sold,,,https://www.redfin.com/TN/Nashville/2504-McGinnis-Dr-37216/home/108078390,REALTRACS,2279515,N,Y,36.2005087,-86.7012057
PAST SALE,September-28-2021,Townhouse,8207 Sawyer Brown Rd Unit G2,Nashville,TN,37221,245000,2,1.5,River Plantation,1152,435,1972,,213,260,Sold,,,https://www.redfin.com/TN/Nashville/8207-Sawyer-Brown-Rd-37221/unit-G2/home/108114788,REALTRACS,2284075,N,Y,36.0750471,-86.9479915
PAST SALE,November-18-2021,Townhouse,1723 Red Jacket Dr,Antioch,TN,37013,275000,2,2.5,Barnes Crossing,1224,435,2006,,225,121,Sold,,,https://www.redfin.com/TN/Antioch/1723-Red-Jacket-Dr-37013/home/60660051,REALTRACS,2299424,N,Y,36.0317122,-86.705626
PAST SALE,April-7-2021,Single Family Residential,3033 Summercrest Trl,Antioch,TN,37013,345000,4,2.5,Summerfield Village,2688,6534,2002,,128,33,Sold,,,https://www.redfin.com/TN/Antioch/3033-Summercrest-Trl-37013/home/108115745,REALTRACS,2230077,N,Y,36.0457956,-86.6215229
PAST SALE,May-27-2021,Single Family Residential,8268 Tapoco Ln,Brentwood,TN,37027,450000,3,2.5,Culbertson View,2392,5227,2016,,188,35,Sold,,,https://www.redfin.com/TN/BRENTWOOD/8268-TAPOCO-LN-37027/home/102392945,REALTRACS,2242383,N,Y,36.008656,-86.690343
PAST SALE,April-30-2021,Single Family Residential,1241 Lighthouse Pl,Brentwood,TN,37027,558000,4,2.5,Banbury Crossing,2833,11325,2005,,197,40,Sold,,,https://www.redfin.com/TN/Brentwood/1241-Lighthouse-Pl-37027/home/68833949,REALTRACS,2239187,N,Y,36.021572,-86.7499228
PAST SALE,April-30-2021,Condo/Co-op,212 Hillsboro Pl,Nashville,TN,37215,312000,2,2.0,Hillsboro Station,1204,,1985,,259,225,Sold,,,https://www.redfin.com/TN/Nashville/212-Hillsboro-Pl-37215/home/108045744,REALTRACS,2239165,N,Y,36.1209107,-86.8054234
PAST SALE,December-18-2020,Townhouse,1103 Woodbury Falls Ct,Nashville,TN,37221,298900,3,3.0,Woodbury,1977,871,2010,,151,150,Sold,,,https://www.redfin.com/TN/Nashville/1103-Woodbury-Falls-Ct-37221/home/108046140,REALTRACS,2205668,N,Y,36.088537,-86.921953
PAST SALE,August-16-2021,Single Family Residential,1810 Fatherland St,Nashville,TN,37206,595000,3,1.5,Priest Home Place,1488,7405,1930,,400,,Sold,,,https://www.redfin.com/TN/Nashville/1810-Fatherland-St-37206/home/107996742,REALTRACS,2272515,N,Y,36.1727483,-86.7376102
PAST SALE,December-15-2020,Single Family Residential,201 Riverstone Ct,Nashville,TN,37214,214900,2,2.0,Riverstone,1140,1306,1987,,189,148,Sold,,,https://www.redfin.com/TN/Nashville/201-Riverstone-Ct-37214/home/108087135,REALTRACS,2206192,N,Y,36.1716719,-86.6543456
PAST SALE,May-12-2021,Single Family Residential,3820 Augusta Dr,Nashville,TN,37207,250000,4,2.0,Haynes Manor,2600,10454,1970,,96,,Sold,,,https://www.redfin.com/TN/Nashville/3820-Augusta-Dr-37207/home/108073369,REALTRACS,2238950,N,Y,36.2202447,-86.8152283
PAST SALE,May-28-2021,Condo/Co-op,505 Churchill Xing,Madison,TN,37115,185000,2,2.0,Churchill Crossing,1127,871,1998,,164,150,Sold,,,https://www.redfin.com/TN/Madison/505-Churchill-Xing-37115/home/107992965,REALTRACS,2242266,N,Y,36.301862,-86.689103
PAST SALE,October-2-2021,Townhouse,329 Summit Ridge Cir,Nashville,TN,37215,240000,2,2.5,Four Seasons,1298,435,1978,,185,423,Sold,,,https://www.redfin.com/TN/Nashville/329-Summit-Ridge-Cir-37215/home/108061470,REALTRACS,2264869,N,Y,36.0936828,-86.8284879
PAST SALE,,Single Family Residential,5954 Temple Rd,Nashville,TN,37221,374815,3,3.5,,2124,40075,2000,,176,,,,,https://www.redfin.com/TN/Nashville/5954-Temple-Rd-37221/home/104285352,,,N,Y,36.041489,-86.951586
PAST SALE,January-29-2021,Single Family Residential,5025 Ridge Hill Dr,Joelton,TN,37080,305000,2,1.0,Joelton,1088,375922,1964,,280,,Sold,,,https://www.redfin.com/TN/Joelton/5025-Ridge-Hill-Rd-37080/home/68817446,REALTRACS,2214790,N,Y,36.2841957,-86.9287351
PAST SALE,August-26-2021,Single Family Residential,2406 N 16th St,Nashville,TN,37206,475000,3,2.0,G A Pickups,2205,10018,2000,,215,,Sold,,,https://www.redfin.com/TN/Nashville/2406-N-16th-St-37206/home/60808740,REALTRACS,2273225,N,Y,36.1935313,-86.7368636
PAST SALE,July-19-2021,Condo/Co-op,420 Walton Ln Unit I36,Madison,TN,37115,105000,1,1.0,Quail Creek,652,871,1972,,161,265,Sold,,,https://www.redfin.com/TN/Madison/420-Walton-Ln-37115/unit-I36/home/87830884,REALTRACS,2255539,N,Y,36.2391885,-86.7290616
PAST SALE,March-31-2021,Single Family Residential,3128 Richmond Hill Dr,Nashville,TN,37207,243000,3,1.5,Parkwood Estates,1450,11325,1961,,168,,Sold,,,https://www.redfin.com/TN/Nashville/3128-Richmond-Hill-Dr-37207/home/108024616,REALTRACS,2228513,N,Y,36.2358586,-86.7789049
PAST SALE,April-16-2021,Townhouse,312 Taylor St,Nashville,TN,37208,543000,3,2.5,Corner Grocery Condominium,1690,1306,2005,,321,,Sold,,,https://www.redfin.com/TN/Nashville/312-Taylor-St-37208/home/102801889,REALTRACS,2233385,N,Y,36.178985,-86.788509
PAST SALE,September-29-2021,Single Family Residential,37 Nickleby Down,Brentwood,TN,37027,645000,4,2.5,Copperfield,4260,5662,1996,,151,65,Sold,,,https://www.redfin.com/TN/Brentwood/37-Nickleby-Down-37027/home/108057618,REALTRACS,2275002,N,Y,36.0362897,-86.7486695
PAST SALE,July-8-2021,Single Family Residential,5888 Woodlands Ave,Nashville,TN,37211,380000,4,3.0,The Woodlands,1910,7840,1992,,199,26,Sold,,,https://www.redfin.com/TN/Nashville/5888-Woodlands-Ave-37211/home/60838041,REALTRACS,2259056,N,Y,36.0374938,-86.7234238
PAST SALE,August-26-2021,Single Family Residential,921 Crownhill Dr,Nashville,TN,37217,345000,3,2.0,Hill-N-Dale Acres,1654,27878,1960,,209,,Sold,,,https://www.redfin.com/TN/Nashville/921-Crownhill-Dr-37217/home/87821653,REALTRACS,2270826,N,Y,36.1278669,-86.7207118
PAST SALE,August-4-2021,Condo/Co-op,210 Old Hickory Blvd #76,Nashville,TN,37221,180000,2,1.5,Belle Forest,1147,435,1969,,157,268,Sold,,,https://www.redfin.com/TN/Nashville/210-Old-Hickory-Blvd-37221/unit-76/home/104135380,REALTRACS,2252533,N,Y,36.0803888,-86.9182389
PAST SALE,February-19-2021,Single Family Residential,239 5th Ave N #401,Nashville,TN,37219,289000,1,1.0,Kress Lofts,635,1306,1900,,455,239,Sold,,,https://www.redfin.com/TN/Nashville/239-Rep-John-Lewis-Way-N-37219/unit-401/home/60658568,REALTRACS,2211072,N,Y,36.1642156,-86.7810476
PAST SALE,October-21-2021,Multi-Family (2-4 Unit),114C Hillcrest Dr,Madison,TN,37115,395000,4,4.0,Yowell Place,3120,21780,1945,,127,,Sold,,,https://www.redfin.com/TN/Madison/114C-Hillcrest-Dr-37115/home/103740793,REALTRACS,2280868,N,Y,36.2628315,-86.6942201
PAST SALE,November-6-2021,Single Family Residential,1006 Maplewood Pl,Nashville,TN,37216,590000,5,3.0,McMahan/Maplewood,3693,30927,1950,,160,,Sold,,,https://www.redfin.com/TN/Nashville/1006-Maplewood-Pl-37216/home/68824816,REALTRACS,2292116,N,Y,36.2271388,-86.7281786
PAST SALE,,Condo/Co-op,101 Morton Mill Cir,Nashville,TN,37221,365000,3,3.0,,2818,,1987,,130,,,,,https://www.redfin.com/TN/Nashville/101-Morton-Mill-Cir-37221/home/60790949,,,N,Y,36.065512,-86.9578049
PAST SALE,February-11-2021,Single Family Residential,296 Paragon Mills Rd,Nashville,TN,37211,280600,3,2.0,Greenwood Hills,1368,11325,1976,,205,,Sold,,,https://www.redfin.com/TN/Nashville/296-Paragon-Mills-Rd-37211/home/69079364,REALTRACS,2222005,N,Y,36.0876735,-86.7113729
PAST SALE,December-21-2020,Single Family Residential,8109 Poplarwood Ln,Nashville,TN,37221,625000,4,3.0,Poplarwood,3684,10018,1998,,170,,Sold,,,https://www.redfin.com/TN/Nashville/8109-Poplarwood-Ln-37221/home/103954612,REALTRACS,2210836,N,Y,36.0550632,-86.9736319
PAST SALE,October-15-2021,Single Family Residential,629 Westboro Dr,Nashville,TN,37209,349900,3,2.0,Charlotte Park,1092,7405,1983,,320,,Sold,,,https://www.redfin.com/TN/Nashville/629-Westboro-Dr-37209/home/107985214,REALTRACS,2287531,N,Y,36.1542391,-86.8784248
PAST SALE,February-26-2021,Single Family Residential,2241 Seven Points Cir,Hermitage,TN,37076,449900,4,3.5,Meadows Of Seven Points,3114,13503,2006,,144,19,Sold,,,https://www.redfin.com/TN/Hermitage/2241-Seven-Points-Cir-37076/home/108071119,REALTRACS,2222066,N,Y,36.148627,-86.5746896
PAST SALE,December-18-2020,Townhouse,1008 Patio Dr,Nashville,TN,37214,190000,2,1.5,Patio Villa,1020,6098,1986,,186,,Sold,,,https://www.redfin.com/TN/Nashville/1008-Patio-Dr-37214/home/108036576,REALTRACS,2206673,N,Y,36.1456302,-86.6404781
PAST SALE,May-28-2021,Single Family Residential,1014A Burchwood,Nashville,TN,37216,620000,3,2.5,The Cottages,2408,3920,2016,,257,,Sold,,,https://www.redfin.com/TN/Nashville/1014-Burchwood-Ave-37216/unit-A/home/112379481,REALTRACS,2244929,N,Y,36.2015858,-86.742541
PAST SALE,February-4-2021,Single Family Residential,4812 Medalist Cir,Hermitage,TN,37076,487900,4,2.5,The Reserve At Stone Hall,2752,9583,2015,,177,63,Sold,,,https://www.redfin.com/TN/Hermitage/4812-Medalist-Cir-37076/home/68550395,REALTRACS,2213111,N,Y,36.1917245,-86.6368215
PAST SALE,August-15-2021,Condo/Co-op,1315 Litton Ave,Nashville,TN,37216,580000,3,2.0,1315 Litton Avenue Townhom,1861,1742,2017,,312,,Sold,,,https://www.redfin.com/TN/Nashville/1315-Litton-Ave-37216/home/143812475,REALTRACS,2257381,N,Y,36.2020674,-86.7334376
PAST SALE,May-27-2021,Single Family Residential,205 Garner Ave,Madison,TN,37115,305000,3,2.5,Overlook/Kennaston Estates,1550,6534,2004,,197,,Sold,,,https://www.redfin.com/TN/Madison/205-Garner-Ave-37115/home/106022481,REALTRACS,2243121,N,Y,36.270258,-86.7087786
PAST SALE,September-29-2021,Single Family Residential,1600B Knowles St,Nashville,TN,37208,495000,3,2.5,Underwood,2113,6098,2019,,234,,Sold,,,https://www.redfin.com/TN/Nashville/1600B-Knowles-St-37208/home/146986678,REALTRACS,2284030,N,Y,36.1734346,-86.8041251
PAST SALE,August-26-2021,Single Family Residential,101 Echo Hill Blvd,Goodlettsville,TN,37072,426000,3,2.5,Echo Hill Estates,2546,12632,1989,,167,35,Sold,,,https://www.redfin.com/TN/Goodlettsville/101-Echo-Hill-Blvd-37072/home/83677441,REALTRACS,2272646,N,Y,36.2959011,-86.7393193
PAST SALE,August-26-2021,Townhouse,513 Almonte Ct,Nashville,TN,37215,810000,3,3.5,The Hillsborough,3194,1742,1986,,254,488,Sold,,,https://www.redfin.com/TN/Nashville/513-Almonte-Ct-37215/home/60659120,REALTRACS,2274756,N,Y,36.0917619,-86.8292703
PAST SALE,August-6-2021,Single Family Residential,605 Chesterfield Way,Nashville,TN,37212,575000,3,3.5,The Chesterfield,2006,871,2013,,287,110,Sold,,,https://www.redfin.com/TN/Nashville/605-Chesterfield-Way-37212/home/105523805,REALTRACS,2268666,N,Y,36.1318109,-86.8167918
PAST SALE,April-22-2021,Townhouse,500 Paragon Mills Rd Unit E2,Nashville,TN,37211,175000,2,1.5,Canterbury Hall,986,435,1969,,177,215,Sold,,,https://www.redfin.com/TN/Nashville/500-Paragon-Mills-Rd-37211/unit-E2/home/87823121,REALTRACS,2235526,N,Y,36.0888067,-86.7256639
PAST SALE,October-26-2021,Condo/Co-op,2025 Woodmont Blvd #242,Nashville,TN,37215,215550,1,1.0,Hillmont Condominiums,623,435,1995,,346,460,Sold,,,https://www.redfin.com/TN/Nashville/2025-Woodmont-Blvd-37215/unit-242/home/79143296,REALTRACS,2298498,N,Y,36.1133465,-86.8103463
PAST SALE,December-9-2020,Single Family Residential,710 Old Glenrose Ave,Nashville,TN,37210,346750,3,2.0,730 Old Glenrose Ave,1723,13503,1922,,201,,Sold,,,https://www.redfin.com/TN/Nashville/710-Old-Glenrose-Ave-37210/home/87806087,REALTRACS,2158980,N,Y,36.1196041,-86.7286901
PAST SALE,July-9-2021,Single Family Residential,2210 Lebanon Pike,Nashville,TN,37214,499900,3,2.5,Four Acres,3159,44431,1951,,158,,Sold,,,https://www.redfin.com/TN/Nashville/2210-Lebanon-Pike-37214/home/108025276,REALTRACS,2255023,N,Y,36.1681441,-86.6933691
PAST SALE,July-14-2021,Townhouse,8664 Gauphin Pl,Nashville,TN,37211,308000,2,1.5,Lenox Village,1404,1742,2005,,219,145,Sold,,,https://www.redfin.com/TN/Nashville/8664-Gauphin-Pl-37211/home/68702627,REALTRACS,2261146,N,Y,36.023192,-86.7071969
PAST SALE,October-29-2021,Condo/Co-op,214 Highland Villa Cir,Nashville,TN,37211,286000,3,2.5,Highland Villa,1624,871,1986,,176,250,Sold,,,https://www.redfin.com/TN/Nashville/214-Highland-Villa-Cir-37211/home/60653044,REALTRACS,2290957,N,Y,36.0412726,-86.7381738
PAST SALE,August-20-2021,Condo/Co-op,2197 Nolensville Pike #316,Nashville,TN,37211,210000,1,1.0,Park At Melrose Heights,675,871,2014,,311,142,Sold,,,https://www.redfin.com/TN/Nashville/2197-Nolensville-Pike-37211/unit-316/home/102803773,REALTRACS,2265251,N,Y,36.126547,-86.7540903
PAST SALE,September-22-2021,Single Family Residential,6343 Clarksville Pike,Joelton,TN,37080,262200,3,2.0,Joelton,1446,148104,1930,,181,,Sold,,,https://www.redfin.com/TN/Joelton/6343-Clarksville-Pike-37080/home/108071962,REALTRACS,2277240,N,Y,36.3185983,-86.8923702
PAST SALE,August-5-2021,Single Family Residential,118 Postwood Pl,Nashville,TN,37205,760000,3,2.5,Postwood,2760,5662,1984,,275,100,Sold,,,https://www.redfin.com/TN/Nashville/118-Postwood-Pl-37205/home/108035667,REALTRACS,2256939,N,Y,36.1271468,-86.8511787
PAST SALE,March-29-2021,Single Family Residential,3117 Barksdale Harbor Dr,Nashville,TN,37214,293000,3,2.5,River Trace Estates,1425,10018,2001,,206,10,Sold,,,https://www.redfin.com/TN/Nashville/3117-Barksdale-Harbor-Dr-37214/home/104491788,REALTRACS,2233429,N,Y,36.2380866,-86.6966903
PAST SALE,May-20-2021,Townhouse,1013 Patio Dr,Nashville,TN,37214,195000,2,1.5,Patio Villa,1048,9147,1987,,186,,Sold,,,https://www.redfin.com/TN/Nashville/1013-Patio-Dr-37214/home/108063954,REALTRACS,2245192,N,Y,36.1456267,-86.640934
PAST SALE,May-21-2021,Single Family Residential,6228 Henry Ford Dr,Nashville,TN,37209,435000,3,2.0,Charlotte Park,1692,18295,1963,,257,,Sold,,,https://www.redfin.com/TN/Nashville/6228-Henry-Ford-Dr-37209/home/108000800,REALTRACS,2246141,N,Y,36.1525537,-86.8788166
PAST SALE,November-29-2021,Single Family Residential,906 Waggoner Ct E,Nashville,TN,37214,216000,2,1.5,Patio Villa,1048,8712,1986,,206,,Sold,,,https://www.redfin.com/TN/Nashville/906-Waggoner-Ct-E-37214/home/108007196,REALTRACS,2292200,N,Y,36.1469598,-86.6398275
PAST SALE,September-20-2021,Single Family Residential,767 Madison Blvd,Madison,TN,37115,245000,3,1.0,Power & Roth Madison Park,925,13068,1969,,265,,Sold,,,https://www.redfin.com/TN/Madison/767-Madison-Blvd-37115/home/60871547,REALTRACS,2267706,N,Y,36.2529629,-86.7073265
PAST SALE,December-11-2020,Single Family Residential,439 Lemont Dr,Nashville,TN,37216,230000,3,2.0,Poplar Glen,928,3049,1988,,248,17,Sold,,,https://www.redfin.com/TN/Nashville/439-Lemont-Dr-37216/home/60854280,REALTRACS,2206541,N,Y,36.2272489,-86.7448
PAST SALE,April-15-2021,Single Family Residential,5805 Mackie Pl,Nashville,TN,37209,332500,3,2.0,Ries/Cockrill Farm,1120,5227,1992,,297,,Sold,,,https://www.redfin.com/TN/Nashville/5805-Mackie-Pl-37209/home/68840912,REALTRACS,2233386,N,Y,36.156381,-86.85983
PAST SALE,May-11-2021,Condo/Co-op,223 Wynbrook Ct,Nashville,TN,37221,265000,2,2.5,Wynbrook,1422,871,1987,,186,289,Sold,,,https://www.redfin.com/TN/Nashville/223-Wynbrook-Ct-37221/home/108131705,REALTRACS,2247253,N,Y,36.071174,-86.92846
PAST SALE,March-1-2021,Single Family Residential,2914 Susan Dr,Nashville,TN,37214,264000,2,1.0,Cloverhill,792,10890,1953,,333,,Sold,,,https://www.redfin.com/TN/Nashville/2914-Susan-Dr-37214/home/108124975,REALTRACS,2216281,N,Y,36.1595968,-86.6551761
PAST SALE,November-29-2021,Single Family Residential,2402 Selma Ave,Nashville,TN,37214,447000,3,2.0,Nashville,1700,14810,1962,,263,,Sold,,,https://www.redfin.com/TN/Nashville/2402-Selma-Ave-37214/home/87829197,REALTRACS,2305866,N,Y,36.175425,-86.6806315
PAST SALE,February-4-2021,Single Family Residential,1240 Bending Creek Dr,Antioch,TN,37013,280000,3,2.5,Mill Run,1458,5227,2000,,192,23,Sold,,,https://www.redfin.com/TN/Antioch/1240-Bending-Creek-Dr-37013/home/108015473,REALTRACS,2216414,N,Y,36.0191319,-86.6831018
PAST SALE,December-10-2020,Single Family Residential,515 N 17th St,Nashville,TN,37206,425000,2,2.0,W L Horns Spout Spring,998,4791,1925,,426,,Sold,,,https://www.redfin.com/TN/Nashville/515-N-17th-St-37206/home/87815254,REALTRACS,2197557,N,Y,36.1821318,-86.7383174
PAST SALE,July-20-2021,Single Family Residential,6129 Hampton Hall Way,Hermitage,TN,37076,380000,3,2.5,Hampton Hall,1824,10018,1998,,208,,Sold,,,https://www.redfin.com/TN/Hermitage/6129-Hampton-Hall-Way-37076/home/68854769,REALTRACS,2267977,N,Y,36.1636222,-86.5831079
PAST SALE,January-19-2021,Single Family Residential,113 Asbee Ct,Goodlettsville,TN,37072,265000,3,2.0,Windsor Green,1620,5662,1985,,164,25,Sold,,,https://www.redfin.com/TN/Goodlettsville/113-Asbee-Ct-37072/home/108072861,REALTRACS,2207573,N,Y,36.314135,-86.692271
PAST SALE,December-9-2020,Single Family Residential,2557 Oak Forest Dr,Antioch,TN,37013,298000,4,2.5,Oakwood,2112,17424,1990,,141,27,Sold,,,https://www.redfin.com/TN/Antioch/2557-Oak-Forest-Dr-37013/home/102802645,REALTRACS,2200846,N,Y,36.0790493,-86.6537742
PAST SALE,September-17-2021,Single Family Residential,1964 Waterford Dr,Old Hickory,TN,37138,335000,3,2.0,Waterford,1760,7840,1994,,190,31,Sold,,,https://www.redfin.com/TN/Old-Hickory/1964-Waterford-Dr-37138/home/68827257,REALTRACS,2281346,N,Y,36.2485186,-86.6560512
PAST SALE,September-9-2021,Single Family Residential,6016 Baltic Dr,Hermitage,TN,37076,285000,3,1.0,Dodson Heights,1325,7405,1964,,215,,Sold,,,https://www.redfin.com/TN/Hermitage/6016-Baltic-Dr-37076/home/107985120,REALTRACS,2279396,N,Y,36.1902932,-86.6197899
PAST SALE,April-7-2021,Condo/Co-op,104 Colbert Way,Nashville,TN,37206,401600,3,2.5,Joule,1770,871,2017,,227,148,Sold,,,https://www.redfin.com/TN/Nashville/104-Colbert-Way-37206/home/144496410,REALTRACS,2230983,N,Y,36.1908295,-86.7101807
PAST SALE,June-28-2021,Single Family Residential,6940 Stone Run Dr,Nashville,TN,37211,470500,4,2.5,Stone Creek Park,2632,9583,1998,,179,35,Sold,,,https://www.redfin.com/TN/Nashville/6940-Stone-Run-Dr-37211/home/60714697,REALTRACS,2254366,N,Y,36.0115386,-86.7224626
PAST SALE,February-25-2021,Condo/Co-op,2600 Hillsboro Pike #111,Nashville,TN,37212,334500,1,1.0,The Enclave At Hillsboro V,1196,1306,2006,,280,310,Sold,,,https://www.redfin.com/TN/Nashville/2600-Hillsboro-Pike-37212/unit-111/home/108019111,REALTRACS,2215390,N,Y,36.124674,-86.805364
PAST SALE,April-30-2021,Condo/Co-op,2020 Beech Ave Unit C2,Nashville,TN,37204,182000,1,1.0,Beechtree,625,871,1961,,291,185,Sold,,,https://www.redfin.com/TN/Nashville/2020-Beech-Ave-37204/unit-C2/home/108013476,REALTRACS,2228355,N,Y,36.132084,-86.7802428
PAST SALE,December-18-2020,Single Family Residential,7037 Calderwood Dr,Antioch,TN,37013,342000,3,2.5,Indian Creek Estates,2491,8276,2003,,137,17,Sold,,,https://www.redfin.com/TN/Antioch/7037-Calderwood-Dr-37013/home/108022794,REALTRACS,2206472,N,Y,36.0094187,-86.6811546
PAST SALE,October-21-2021,Single Family Residential,3640 Mayflower Pl,Nashville,TN,37204,996100,4,2.5,3640 Mayflower Cottages,2876,1742,2016,,346,,Sold,,,https://www.redfin.com/TN/Nashville/3640-Mayflower-Pl-37204/home/108903926,REALTRACS,2286074,N,Y,36.1061897,-86.7835894
PAST SALE,October-8-2021,Single Family Residential,204 Manatee Ct,Antioch,TN,37013,295000,3,2.0,Barclay Square,2100,9147,1973,,140,,Sold,,,https://www.redfin.com/TN/Antioch/204-Manatee-Ct-37013/home/60722981,REALTRACS,2289849,N,Y,36.0696548,-86.6660075
PAST SALE,April-26-2021,Single Family Residential,532 Bluewater Dr,Nashville,TN,37217,350000,4,3.0,Castlegate,2106,14810,1979,,166,,Sold,,,https://www.redfin.com/TN/Nashville/532-Bluewater-Dr-37217/home/68822659,REALTRACS,2237847,N,Y,36.0838866,-86.6161028
PAST SALE,April-23-2021,Townhouse,3110 Woodymore Dr,Antioch,TN,37013,195000,3,1.0,Woodymore Heights,1185,6969,1986,,165,,Sold,,,https://www.redfin.com/TN/Antioch/3110-Woodymore-Dr-37013/home/68710664,REALTRACS,2234144,N,Y,36.076293,-86.609455
PAST SALE,December-17-2020,Condo/Co-op,420 Elysian Fields Rd Unit B12,Nashville,TN,37211,129900,2,2.0,Village At Grassmere,936,871,1969,,139,250,Sold,,,https://www.redfin.com/TN/Nashville/420-Elysian-Fields-Rd-37211/unit-B12/home/68700394,REALTRACS,2198719,N,Y,36.086456,-86.7321429
PAST SALE,December-3-2021,Townhouse,1721 Red Jacket Dr,Antioch,TN,37013,275000,2,4.5,Barnes Crossing,1352,435,2006,,203,121,Sold,,,https://www.redfin.com/TN/Antioch/1721-Red-Jacket-Dr-37013/home/107988000,REALTRACS,2303148,N,Y,36.031667,-86.7056549
PAST SALE,October-12-2021,Single Family Residential,2635 River Meade Way,Nashville,TN,37214,383000,3,2.5,River Glen,1444,3049,2005,,265,18,Sold,,,https://www.redfin.com/TN/Nashville/2635-River-Meade-Way-37214/home/107988961,REALTRACS,2289654,N,Y,36.2416315,-86.7024314
PAST SALE,,Single Family Residential,1309 Lone Oak Cir,Nashville,TN,37215,2310000,6,6.5,,6826,44867,2020,,338,,,,,https://www.redfin.com/TN/Nashville/1309-Lone-Oak-Cir-37215/home/148401467,,,N,Y,36.092906,-86.808443
PAST SALE,May-21-2021,Single Family Residential,1324 Love Joy Ct,Nashville,TN,37216,325000,3,2.0,Ellis Estates,1176,8276,1989,,276,,Sold,,,https://www.redfin.com/TN/Nashville/1324-Love-Joy-Ct-37216/home/68761349,REALTRACS,2242987,N,Y,36.2066589,-86.7273525
PAST SALE,February-10-2021,Condo/Co-op,944 Riverside Dr,Nashville,TN,37206,445000,3,3.5,East Nashville,2000,871,2016,,223,100,Sold,,,https://www.redfin.com/TN/Nashville/944-Riverside-Dr-37206/home/112484121,REALTRACS,2207189,N,Y,36.1859807,-86.7259123
PAST SALE,May-18-2021,Single Family Residential,1421 Porter Rd #1,Nashville,TN,37206,557500,3,3.0,Porter Road Place,2259,871,2018,,247,125,Sold,,,https://www.redfin.com/TN/Nashville/1421-Porter-Rd-37206/unit-1/home/112483955,REALTRACS,2244346,N,Y,36.1917851,-86.7270423
PAST SALE,March-12-2021,Condo/Co-op,6012A Louisiana Ave,Nashville,TN,37209,549999,3,2.5,Homes At 6012 Louisiana Av,2192,871,2015,,251,,Sold,,,https://www.redfin.com/TN/Nashville/6012A-Louisiana-Ave-37209/home/145186017,REALTRACS,2222871,N,Y,36.1639405,-86.8612546
PAST SALE,December-16-2020,Townhouse,202 Porter Village Cir,Nashville,TN,37206,349900,2,3.0,Porter Village,1473,871,2017,,238,185,Sold,,,https://www.redfin.com/TN/Nashville/202-Porter-Village-Cir-37206/home/112483847,REALTRACS,2194357,N,Y,36.1945466,-86.7248723
PAST SALE,October-28-2021,Vacant Land,0 Maplewood Ln,Nashville,TN,37216,10000,,,Maplewood Heights,,13939,,,,,Sold,,,https://www.redfin.com/TN/NASHVILLE/MAPLEWOOD-LN-37216/home/107997428,REALTRACS,2275389,N,Y,36.22754,-86.732433
PAST SALE,October-13-2021,Vacant Land,6032 Bonnalawn Dr,Hermitage,TN,37076,85000,,,Hermitage Hills,,11325,,,,,Sold,,,https://www.redfin.com/TN/Hermitage/6032-Bonnalawn-Dr-37076/home/68902823,REALTRACS,2284251,N,Y,36.201657,-86.6347119
PAST SALE,January-15-2021,Single Family Residential,1415 Riverside Dr Unit B,Nashville,TN,37206,582500,3,2.5,Riverside,2083,,2017,,280,,Sold,,,https://www.redfin.com/TN/Nashville/1415-Riverside-Dr-37206/unit-B/home/112482943,REALTRACS,2213433,N,Y,36.1916145,-86.7254917
PAST SALE,,Condo/Co-op,6324 Patton Ave Unit A,Nashville,TN,37209,259000,6,1.0,,1130,,1950,,229,,,,,https://www.redfin.com/TN/Nashville/6324-Patton-Ave-37209/unit-A/home/144500007,,,N,Y,36.1508387,-86.8699223
PAST SALE,April-30-2021,Townhouse,158 Lake Chateau Dr,Hermitage,TN,37076,280000,3,2.0,Lake Chateau,1358,1306,1996,,206,225,Sold,,,https://www.redfin.com/TN/Hermitage/158-Lake-Chateau-Dr-37076/home/108090268,REALTRACS,2244113,N,Y,36.160442,-86.5927899
PAST SALE,November-1-2021,Vacant Land,14 Roehrig Ct,Old Hickory,TN,37138,299900,,,Roehrig Estates,,37897,,,,83,Sold,,,https://www.redfin.com/TN/Old-Hickory/14-Roehrig-Ct-37138/home/60909417,REALTRACS,2250794,N,Y,36.270854,-86.64518
PAST SALE,November-3-2021,Vacant Land,14775 Old Hickory Blvd,Antioch,TN,37013,150000,,,Antioch,,130680,,,,,Sold,,,https://www.redfin.com/TN/Antioch/14775-Old-Hickory-Blvd-37013/unit-O/home/101643836,REALTRACS,2274279,N,Y,36.036679,-86.698592
PAST SALE,,Vacant Land,5974 Mt View Rd,Antioch,TN,37013,285000,,,,,44431,,,,,,,,https://www.redfin.com/TN/Antioch/5974-Mt-View-Rd-37013/home/68810794,,,N,Y,36.058779,-86.6155026
PAST SALE,,Vacant Land,7141 SOUTHPOINT PKWY,BRENTWOOD,TN,37027,328155,,,,,2614,,,,,,,,https://www.redfin.com/TN/BRENTWOOD/7141-SOUTHPOINT-PKWY-37027/home/174901673,,,N,Y,35.996284,-86.685112
PAST SALE,November-23-2021,Vacant Land,427 Emmitt Ave,Madison,TN,37115,142500,,,Power & Roth Madison Park,,15245,,,,,Sold,,,https://www.redfin.com/TN/Madison/427-Emmitt-Ave-37115/home/104500762,REALTRACS,2302723,N,Y,36.2513446,-86.708736
PAST SALE,June-9-2021,Vacant Land,1267 2nd Ave S,Nashville,TN,37210,725000,,,John Nelson,,6098,,,,,Sold,,,https://www.redfin.com/TN/Nashville/1267-2nd-Ave-S-37210/home/172290896,REALTRACS,2229466,N,Y,36.142425,-86.7628359
PAST SALE,,Vacant Land,5748 Pettus Rd,Antioch,TN,37013,1890000,,,,,621166,,,,,,,,https://www.redfin.com/TN/Antioch/5748-Pettus-Rd-37013/home/163262238,,,N,Y,36.028948,-86.666365
PAST SALE,October-4-2021,Vacant Land,3038 Lakeshore Dr,Old Hickory,TN,37138,175000,,,W D Warren Property,,35719,,,,,Sold,,,https://www.redfin.com/TN/Old-Hickory/3038A-Lakeshore-Dr-37138/home/107976519,REALTRACS,2273622,N,Y,36.2432531,-86.6312355
PAST SALE,,Condo/Co-op,2112 Carter Ave Unit B,Nashville,TN,37206,620000,4,2.5,,2362,,2016,,262,,,,,https://www.redfin.com/TN/Nashville/2112-Carter-Ave-37206/unit-B/home/112481219,,,N,Y,36.1892718,-86.727438
PAST SALE,,Vacant Land,NOLENSVILLE PIKE,BRENTWOOD,TN,37027,1320000,,,,,206910,,,,,,,,https://www.redfin.com/TN/BRENTWOOD/NOLENSVILLE-PIKE-37027/home/163301561,,,N,Y,35.997575,-86.69486
PAST SALE,,Mobile/Manufactured Home,1123 Bubbling Well Rd,Madison,TN,37115,60000,,,,,5227,,,,,,,,https://www.redfin.com/TN/Madison/1123-Bubbling-Well-Rd-37115/home/108076264,,,N,Y,36.2611172,-86.6829641
PAST SALE,January-15-2021,Single Family Residential,1520 Harwood Dr,Nashville,TN,37206,332500,3,2.0,Porter Heights,2292,12632,1950,,145,,Sold,,,https://www.redfin.com/TN/Nashville/1520-Harwood-Dr-37206/home/108122459,REALTRACS,2212713,N,Y,36.194819,-86.7188251
PAST SALE,,Condo/Co-op,229 Orlando Ave Unit B,Nashville,TN,37209,344250,2,2.5,,1300,,2002,,265,,,,,https://www.redfin.com/TN/Nashville/229-Orlando-Ave-37209/unit-B/home/108105716,,,N,Y,36.147259,-86.856848
PAST SALE,,Other,903 Beechmont Pl Unit C,Nashville,TN,37206,1195000,,,,,10019,1956,,,,,,,https://www.redfin.com/TN/Nashville/903-Beechmont-Pl-37206/unit-C/home/170540123,,,N,Y,36.1849003,-86.7217337
PAST SALE,September-8-2021,Vacant Land,267 Graylynn Dr,Nashville,TN,37214,175000,,,Big Tree Estates,,168577,,,,,Sold,,,https://www.redfin.com/TN/Nashville/267-Graylynn-Dr-37214/home/107998487,REALTRACS,2235474,N,Y,36.158767,-86.679311
PAST SALE,February-23-2021,Single Family Residential,2712 Hody Dr,Nashville,TN,37206,331000,3,2.0,Fortland Park,1227,11325,1960,,270,,Sold,,,https://www.redfin.com/TN/Nashville/2712-Hody-Dr-37206/home/108066609,REALTRACS,2220188,N,Y,36.1724427,-86.7232665
PAST SALE,,Parking,2331 Atrium Way,Nashville,TN,37214,1221029,,,,,99317,,,,,,,,https://www.redfin.com/TN/Nashville/2331-Atrium-Way-37214/home/163344264,,,N,Y,36.1544457,-86.6900339
PAST SALE,December-31-2020,Vacant Land,211 28th St,Old Hickory,TN,37138,58000,,,Dabbs & Elliott,,7405,,,,,Sold,,,https://www.redfin.com/TN/Old-Hickory/211-28th-St-37138/home/108078286,REALTRACS,2186128,N,Y,36.247707,-86.6381959
PAST SALE,December-22-2020,Single Family Residential,920 Riverside Dr,Nashville,TN,37206,545000,4,3.0,East Nashville,2262,17424,1953,,241,,Sold,,,https://www.redfin.com/TN/Nashville/920-Riverside-Dr-37206/home/108055169,REALTRACS,2186867,N,Y,36.1840114,-86.7256443
PAST SALE,January-15-2021,Single Family Residential,816 Nashua Ct,Nashville,TN,37209,306000,3,2.0,Brookewood,1260,9147,1998,,243,,Sold,,,https://www.redfin.com/TN/Nashville/816-Nashua-Ct-37209/home/108096627,REALTRACS,2203001,N,Y,36.1580427,-86.869844
PAST SALE,,Other,3582 Albee Dr,Hermitage,TN,37076,45000,2,1.0,,839,4356,1983,,54,,,,,https://www.redfin.com/TN/Hermitage/3582-Albee-Dr-37076/home/108075243,,,N,Y,36.178092,-86.6107697
PAST SALE,April-7-2021,Townhouse,302 Lakebrink Dr,Nashville,TN,37214,195900,2,1.5,Larchwood,1156,2613,1987,,169,120,Sold,,,https://www.redfin.com/TN/Nashville/302-Lakebrink-Dr-37214/home/60664654,REALTRACS,2233791,N,Y,36.1493704,-86.6326461
PAST SALE,January-23-2021,Vacant Land,111 Iris Ave,Old Hickory,TN,37138,95000,,,L & C Ins,,36154,,,,,Sold,,,https://www.redfin.com/TN/Old-Hickory/111-Iris-Ave-37138/home/108073576,REALTRACS,2153152,N,Y,36.242631,-86.631738
PAST SALE,,Other,1408 Cleves St,Old Hickory,TN,37138,310000,,,,,9583,,,,,,,,https://www.redfin.com/TN/Old-Hickory/1408-Cleves-St-37138/home/108072942,,,N,Y,36.2558797,-86.6468014
PAST SALE,,Single Family Residential,2221 Carter Ave Unit B,Nashville,TN,37206,222000,2,1.0,,1145,10890,1949,,194,,,,,https://www.redfin.com/TN/Nashville/2221-Carter-Ave-37206/unit-B/home/108035494,,,N,Y,36.1890965,-86.7225787
PAST SALE,,Other,607 Newhall Dr,Nashville,TN,37206,358803,,,,,10454,1985,,,,,,,https://www.redfin.com/TN/Nashville/607-Newhall-Dr-37206/home/108025300,,,N,Y,36.1753958,-86.7228839
PAST SALE,,Vacant Land,WRIGHT AVE,OLD HICKORY,TN,37138,20000,,,,,16117,,,,,,,,https://www.redfin.com/TN/OLD-HICKORY/WRIGHT-AVE-37138/home/108020356,,,N,Y,36.202565,-86.623782
PAST SALE,February-26-2021,Single Family Residential,312 Pioneer Ln,Nashville,TN,37206,340000,3,1.0,Roselawn,1356,11761,1955,,251,,Sold,,,https://www.redfin.com/TN/Nashville/312-Pioneer-Ln-37206/home/107998943,REALTRACS,2214849,N,Y,36.1861531,-86.7241705
PAST SALE,March-2-2021,Single Family Residential,747 Croley Dr,Nashville,TN,37209,266500,3,1.0,Jameswood,1015,4791,1968,,263,,Sold,,,https://www.redfin.com/TN/Nashville/747-Croley-Dr-37209/home/108086118,REALTRACS,2222506,N,Y,36.1607052,-86.8744284
PAST SALE,,Other,1903 Holly St,Nashville,TN,37206,385000,,,,,9583,1975,,,,,,,https://www.redfin.com/TN/Nashville/1903-Holly-St-37206/home/108001441,,,N,Y,36.1751499,-86.7362559
PAST SALE,,Other,116 Myatt Dr,Madison,TN,37115,90000,,,,,6534,,,,,,,,https://www.redfin.com/TN/Madison/116-Myatt-Dr-37115/home/107992555,,,N,Y,36.2657988,-86.6903581
PAST SALE,,Single Family Residential,1508 Wendell Ave,Nashville,TN,37206,300000,2,1.0,,1064,15246,1950,,282,,,,,https://www.redfin.com/TN/Nashville/1508-Wendell-Ave-37206/home/107994225,,,N,Y,36.1934591,-86.7109238
PAST SALE,,Vacant Land,4217 Brush Hill Rd,Nashville,TN,37216,285000,,,,,33106,,,,,,,,https://www.redfin.com/TN/Nashville/4217-Brush-Hill-Rd-37216/home/107984618,,,N,Y,36.2313789,-86.714727
PAST SALE,,Vacant Land,OLD HICKORY BLVD,MADISON,TN,37115,159500,,,,,43560,,,,,,,,https://www.redfin.com/TN/MADISON/OLD-HICKORY-BLVD-37115/home/101819096,,,N,Y,36.262075,-86.686431
PAST SALE,March-29-2021,Single Family Residential,2106 Rosecliff Dr,Nashville,TN,37206,420000,5,2.0,Rose Bank,2532,31363,1952,,166,,Sold,,,https://www.redfin.com/TN/Nashville/2106-Rosecliff-Dr-37206/home/107985857,REALTRACS,2205352,N,Y,36.1905453,-86.7128108
PAST SALE,January-15-2021,Single Family Residential,515B Westboro Dr,Nashville,TN,37209,475000,5,4.0,Westboro,2190,22651,2020,,217,,Sold,,,https://www.redfin.com/TN/Nashville/515-Westboro-Dr-37209/unit-A/home/108052370,REALTRACS,2209152,N,Y,36.1498498,-86.8742717
PAST SALE,May-14-2021,Single Family Residential,913 Carlisle Ct S,Nashville,TN,37214,299500,3,2.0,Villages Of Larchwood,1275,5662,1993,,235,8,Sold,,,https://www.redfin.com/TN/Nashville/913-Carlisle-Ct-S-37214/home/104223688,REALTRACS,2244990,N,Y,36.1459727,-86.6365297
PAST SALE,,Vacant Land,205 Morganmeade Ct,Nashville,TN,37216,35000,,,,,13939,,,,,,,,https://www.redfin.com/TN/Nashville/205-Morganmeade-Ct-37216/home/87819590,,,N,Y,36.20273,-86.7002119
PAST SALE,,Vacant Land,ROTHWOOD AVE,MADISON,TN,37115,15000,,,,,6098,,,,,,,,https://www.redfin.com/TN/MADISON/ROTHWOOD-AVE-37115/home/87814265,,,N,Y,36.252769,-86.706386
PAST SALE,December-18-2020,Single Family Residential,1700 Sherwood Ln,Nashville,TN,37216,339500,2,1.0,Sherwood,1566,18295,1949,,217,,Sold,,,https://www.redfin.com/TN/Nashville/1700-Sherwood-Ln-37216/home/107973340,REALTRACS,2207084,N,Y,36.1963082,-86.722166
PAST SALE,,Vacant Land,IRIS AVE,OLD HICKORY,TN,37138,85000,,,,,40075,,,,,,,,https://www.redfin.com/TN/OLD-HICKORY/IRIS-AVE-37138/home/87808931,,,N,Y,36.242256,-86.631246
PAST SALE,April-12-2021,Vacant Land,342 Rio Vista Dr,Madison,TN,37115,80000,,,Madison,,8712,,,,,Sold,,,https://www.redfin.com/TN/Madison/342-Rio-Vista-Dr-37115/home/87802618,REALTRACS,2235632,N,Y,36.2702437,-86.6831947
PAST SALE,December-31-2020,Multi-Family (2-4 Unit),325 Mckennell Dr,Nashville,TN,37206,484500,4,2.0,Gregory Heights,1650,21780,1973,,294,,Sold,,,https://www.redfin.com/TN/Nashville/325-Mckennell-Dr-37206/home/87815270,REALTRACS,2192915,N,Y,36.1912709,-86.7203346
PAST SALE,,Vacant Land,6015 Obrien Ave,Nashville,TN,37209,620000,2,1.0,,1452,21344,1948,,427,,,,,https://www.redfin.com/TN/Nashville/6015-Obrien-Ave-37209/home/108035076,,,N,Y,36.149409,-86.866654
PAST SALE,April-12-2021,Vacant Land,330 Rio Vista Dr,Madison,TN,37115,80000,,,Madison,,9147,,,,,Sold,,,https://www.redfin.com/TN/Madison/330-Rio-Vista-Dr-37115/home/87802522,REALTRACS,2235616,N,Y,36.2698636,-86.6829933
PAST SALE,April-12-2021,Vacant Land,338 Rio Vista Dr,Madison,TN,37115,80000,,,Madison,,8712,,,,,Sold,,,https://www.redfin.com/TN/Madison/338-Rio-Vista-Dr-37115/home/87802520,REALTRACS,2232704,N,Y,36.270115,-86.6831293
PAST SALE,March-4-2021,Condo/Co-op,1529 Hayden Dr,Nashville,TN,37206,419000,3,2.5,ROSEBANK,1702,12632,2015,,246,,Sold,,,https://www.redfin.com/TN/Nashville/1529-Hayden-Dr-37206/home/60868268,REALTRACS,2220237,N,Y,36.1950386,-86.7144618
PAST SALE,April-12-2021,Vacant Land,334 Rio Vista Dr,Madison,TN,37115,80000,,,Madison,,8276,,,,,Sold,,,https://www.redfin.com/TN/Madison/334-Rio-Vista-Dr-37115/home/87802519,REALTRACS,2232697,N,Y,36.2699924,-86.6830597
PAST SALE,June-10-2021,Vacant Land,501 Myatt Dr,Madison,TN,37115,168000,,,Rivergate Industrial Park,,20908,,,,,Sold,,,https://www.redfin.com/TN/Madison/501-Myatt-Dr-37115/home/68914039,REALTRACS,2035023,N,Y,36.279056,-86.690331
PAST SALE,April-23-2021,Condo/Co-op,1701 Porter Rd #6,Nashville,TN,37206,310000,1,1.0,Riverside Station,879,,2020,,353,105,Sold,,,https://www.redfin.com/TN/Nashville/1701-Porter-Rd-37206/unit-6/home/174716788,REALTRACS,2236998,N,Y,36.195402,-86.723246
PAST SALE,January-13-2021,Single Family Residential,515 West Bnd,Nashville,TN,37209,525000,4,3.5,Charlotte Park,2228,,2020,,236,,Sold,,,https://www.redfin.com/TN/Nashville/515-W-Bend-Dr-37209/home/108005849,REALTRACS,2209135,N,Y,36.1504974,-86.8730962
PAST SALE,May-8-2021,Single Family Residential,3212 Blackwood Dr,Nashville,TN,37214,325000,3,2.0,Larchwood,1536,11325,1985,,212,,Sold,,,https://www.redfin.com/TN/Nashville/3212-Blackwood-Dr-37214/home/87821250,REALTRACS,2233575,N,Y,36.1503513,-86.6293992
PAST SALE,February-12-2021,Single Family Residential,3765 Hoggett Ford Rd,Hermitage,TN,37076,499900,3,2.0,Hermitage Point,2620,38332,2019,,191,45,Sold,,,https://www.redfin.com/TN/Hermitage/3765-Hoggett-Ford-Rd-37076/home/170540250,REALTRACS,2221397,N,Y,36.17051975069699,-86.61940618779023
PAST SALE,March-25-2021,Single Family Residential,2137 Hickory Brook Dr,Hermitage,TN,37076,385500,3,2.5,Villages Of Riverwood,2506,6969,2017,,154,70,Sold,,,https://www.redfin.com/TN/Hermitage/2137-Hickory-Brook-Dr-37076/home/113075038,REALTRACS,2227608,N,Y,36.167076,-86.624809
PAST SALE,June-30-2021,Vacant Land,107 Sarver Ave,Madison,TN,37115,162500,,,W P Readys/Thornton,,21780,,,,,Sold,,,https://www.redfin.com/TN/Madison/107-Sarver-Ave-37115/home/60912120,REALTRACS,2262411,N,Y,36.2752265,-86.7082072
PAST SALE,,Other,5 Harbor Cove Dr,Old Hickory,TN,37138,475000,,,,,14810,,,,,,,,https://www.redfin.com/TN/Old-Hickory/5-Harbor-Cove-Dr-37138/home/60902852,,,N,Y,36.242955,-86.615313
PAST SALE,January-15-2021,Single Family Residential,2301B Carter Ave,Nashville,TN,37206,629900,4,3.0,2301A-2301B Carter Avenue,2697,1742,2018,,234,,Sold,,,https://www.redfin.com/TN/Nashville/2301B-Carter-Ave-37206/home/172304582,REALTRACS,2213383,N,Y,36.1896925,-86.7220855
PAST SALE,May-7-2021,Vacant Land,6211 Burkitt Rd,Antioch,TN,37013,209900,,,Jennings,,193842,,,,,Sold,,,https://www.redfin.com/TN/Antioch/6211-Burkitt-Rd-37013/home/60900356,REALTRACS,2239719,N,Y,35.996916,-86.622988
PAST SALE,,Vacant Land,OLD HICKORY BLVD,ANTIOCH,TN,37013,175000,,,,,244807,,,,,,,,https://www.redfin.com/TN/ANTIOCH/OLD-HICKORY-BLVD-37013/home/163353344,,,N,Y,36.003652,-86.624789
PAST SALE,July-19-2021,Vacant Land,5 Battle Rd,Nolensville,TN,37135,900000,,,Nolensville,,884703,,,,,Sold,,,https://www.redfin.com/TN/Nolensville/5-Battle-Rd-Unknown/home/175520178,REALTRACS,2264896,N,Y,35.97364464,-86.63307077
PAST SALE,March-26-2021,Vacant Land,0 Scott Ave,Nashville,TN,37216,200000,,,Keller/Maxey,,18730,,,,,Sold,,,https://www.redfin.com/TN/NASHVILLE/SCOTT-AVE-37216/home/170539220,REALTRACS,2202357,N,Y,36.203558,-86.732544
PAST SALE,May-27-2021,Condo/Co-op,5700 California Ave #24,Nashville,TN,37209,500000,3,3.5,Edison Park Nashville,2077,1306,2021,,241,100,Sold,,,https://www.redfin.com/TN/Nashville/1565-57th-Ave-N-37209/home/174483404,REALTRACS,2230394,N,Y,36.1653196,-86.857244
PAST SALE,December-11-2020,Single Family Residential,7445 Lakeview Dr,Nashville,TN,37209,585000,3,2.5,Sullivan's Ridge,3120,175982,1988,,188,,Sold,,,https://www.redfin.com/TN/Nashville/7445-Lakeview-Dr-37209/home/107998964,REALTRACS,2195494,N,Y,36.1555171,-86.9580085
PAST SALE,,Condo/Co-op,7978 Coley Davis Rd,Nashville,TN,37221,1525000,,,,5920,,2006,,258,,,,,https://www.redfin.com/TN/Nashville/7978-Coley-Davis-Rd-37221/home/173426272,,,N,Y,36.0752893,-86.9667181
PAST SALE,June-30-2021,Vacant Land,2 Battle,Nolensville,TN,37135,289900,,,Nolensville,,254390,,,,,Sold,,,https://www.redfin.com/TN/Nolensville/2-Battle-37135/home/174704299,REALTRACS,2204077,N,Y,35.97756328,-86.64317747
PAST SALE,June-11-2021,Vacant Land,0 Ashland City Hwy,Nashville,TN,37218,130000,,,Bordeaux/Hydes Ferry,,46609,,,,,Sold,,,https://www.redfin.com/TN/Nashville/4226-Ashland-City-Hwy-37218/home/175309463,REALTRACS,2249441,N,Y,36.2045538,-86.8518235
PAST SALE,June-18-2021,Vacant Land,1715 Kellow St,Nashville,TN,37208,100000,,,North Nashville,,,,,,,Sold,,,https://www.redfin.com/TN/Nashville/1715-Kellow-St-37208/home/175200262,REALTRACS,2257037,N,Y,36.1897439,-86.8123059
PAST SALE,,Single Family Residential,1537 14th Ave N,Nashville,TN,37208,150000,,,,,8712,,,,,,,,https://www.redfin.com/TN/Nashville/1537-14th-Ave-N-37208/home/68915748,,,N,Y,36.1754414,-86.8044181
PAST SALE,,Other,4400 Illinois Ave Unit A,Nashville,TN,37209,300000,,,,,6098,,,,,,,,https://www.redfin.com/TN/Nashville/4400-Illinois-Ave-37209/unit-A/home/87811616,,,N,Y,36.1581954,-86.8400541
PAST SALE,February-25-2021,Vacant Land,1713 Seifried St,Nashville,TN,37208,130500,,,Shields,,7405,,,,,Sold,,,https://www.redfin.com/TN/Nashville/1713-Seifried-St-37208/home/87820056,REALTRACS,2225266,N,Y,36.1818928,-86.8130706
PAST SALE,,Vacant Land,367 Hester Ave,Nashville,TN,37210,6000,,,,,1742,,,,,,,,https://www.redfin.com/TN/Nashville/367-Hester-Ave-37210/home/104209563,,,N,Y,36.1245642,-86.7507361
PAST SALE,April-23-2021,Vacant Land,4011 Timothy Dr,Nashville,TN,37218,225000,,,Creekwood North,,109335,,,,,Sold,,,https://www.redfin.com/TN/Nashville/4011-Timothy-Dr-37218/home/107994020,REALTRACS,1801879,N,Y,36.2128892,-86.8462488
PAST SALE,,Vacant Land,439 Haynie Ave,Nashville,TN,37207,30000,,,,,8276,,,,,,,,https://www.redfin.com/TN/Nashville/439-Haynie-Ave-37207/home/107995144,,,N,Y,36.217954,-86.786162
PAST SALE,March-29-2021,Vacant Land,0 39th Ave N,Nashville,TN,37209,90000,,,Nashville,,30056,,,,,Sold,,,https://www.redfin.com/TN/NASHVILLE/39TH-AVE-N-37209/home/108005329,REALTRACS,2131690,N,Y,36.164439,-86.834317
PAST SALE,,Other,3600 Nebraska Ave,Nashville,TN,37209,1200000,,,,,6970,1980,,,,,,,https://www.redfin.com/TN/Nashville/3600-Nebraska-Ave-37209/home/108021554,,,N,Y,36.1429354,-86.8271917
PAST SALE,,Vacant Land,148 Fain St,Nashville,TN,37210,45000,,,,,3485,,,,,,,,https://www.redfin.com/TN/Nashville/148-Fain-St-37210/home/108079366,,,N,Y,36.151576,-86.75317
PAST SALE,,Vacant Land,921 W Trinity Ln,Nashville,TN,37207,300000,,,,,8712,,,,,,,,https://www.redfin.com/TN/Nashville/921-W-Trinity-Ln-37207/home/108081812,,,N,Y,36.206886,-86.809224
PAST SALE,,Vacant Land,1720 Arthur Ave,Nashville,TN,37208,859900,,,,,4792,,,,,,,,https://www.redfin.com/TN/Nashville/1720-Arthur-Ave-37208/home/108141498,,,N,Y,36.17947,-86.80329
PAST SALE,,Vacant Land,3425 Pleasant Valley Rd,Nashville,TN,37204,260000,,,,,1494,,,,,,,,https://www.redfin.com/TN/Nashville/3425-Pleasant-Valley-Rd-37204/home/174899504,,,N,Y,36.110691,-86.775858
PAST SALE,August-31-2021,Vacant Land,806 51st Ave N N,Nashville,TN,37209,927900,,,The Nations,,11761,,,,,Sold,,,https://www.redfin.com/TN/Nashville/806-51st-Ave-N-37209/home/145520364,REALTRACS,2242270,N,Y,36.157193,-86.848489
PAST SALE,,Vacant Land,3446 Golf Club Ln,Nashville,TN,37215,805000,,,,,24829,,,,,,,,https://www.redfin.com/TN/Nashville/3446-Golf-Club-Ln-37215/home/104500643,,,N,Y,36.114043,-86.808755
PAST SALE,July-10-2021,Vacant Land,1246 1st Ave South,Nashville,TN,37210,1014000,,,Trimble,,435,,,,,Sold,,,https://www.redfin.com/TN/Nashville/1246-1st-Ave-S-37210/home/87805844,REALTRACS,2259512,N,Y,36.1435659,-86.7612146
PAST SALE,September-7-2021,Vacant Land,717 27th Ave N,Nashville,TN,37208,240000,,,Turner/Mcnairy,,9147,,,,,Sold,,,https://www.redfin.com/TN/Nashville/717-27th-Ave-N-37208/home/87831558,REALTRACS,2279057,N,Y,36.1597058,-86.8168542
PAST SALE,September-16-2021,Vacant Land,2233B Foster Ave,Nashville,TN,37210,150000,,,Overhill City,,6098,,,,,Sold,,,https://www.redfin.com/TN/Nashville/2233-Foster-Ave-37210/home/60790303,REALTRACS,2278502,N,Y,36.1229172,-86.7429535
PAST SALE,,Vacant Land,1701 12th Ave N Unit B,Nashville,TN,37208,190000,,,,,24394,,,,,,,,https://www.redfin.com/TN/Nashville/1701-12th-Ave-N-37208/unit-B/home/102986265,,,N,Y,36.1787766,-86.805337
PAST SALE,,Condo/Co-op,162 4th Ave N #103,Nashville,TN,37219,582000,,,,1524,,1890,,382,,,,,https://www.redfin.com/TN/Nashville/162-4th-Ave-N-37219/unit-103/home/174898370,,,N,Y,36.1634018,-86.7783584
PAST SALE,October-12-2021,Vacant Land,3120 Torbett,Nashville,TN,37209,75000,,,Wills/Barrow,,5662,,,,,Sold,,,https://www.redfin.com/TN/Nashville/3120-Torbett-St-37209/home/87804698,REALTRACS,2195265,N,Y,36.158592,-86.823435
PAST SALE,,Vacant Land,CHARLOTTE PIKE,NASHVILLE,TN,37209,200000,,,,,43560,,,,,,,,https://www.redfin.com/TN/NASHVILLE/CHARLOTTE-PIKE-37209/home/163346535,,,N,Y,36.122943,-86.91286
PAST SALE,,Vacant Land,TOLBERT RD,NASHVILLE,TN,37209,9000,,,,,6098,,,,,,,,https://www.redfin.com/TN/NASHVILLE/TOLBERT-RD-37209/home/163228503,,,N,Y,36.106314,-86.920459
PAST SALE,,Multi-Family (5+ Unit),162 3rd Ave N,Nashville,TN,37201,24500000,,,,43575,9148,1910,,562,,,,,https://www.redfin.com/TN/Nashville/162-3rd-Ave-N-37201/home/112489770,,,N,Y,36.1635142,-86.7769766
PAST SALE,,Other,423 Woodfolk Ave,Nashville,TN,37207,275000,,,,,21780,,,,,,,,https://www.redfin.com/TN/Nashville/423-Woodfolk-Ave-37207/home/108075183,,,N,Y,36.2171921,-86.7836151
PAST SALE,September-24-2021,Multi-Family (5+ Unit),700 1st Ave N #204,Nashville,TN,37201,609500,2,2.0,Eve,1074,18731,2021,,568,419,Sold,,,https://www.redfin.com/TN/Nashville/700-1st-Ave-N-37201/unit-204/home/163340898,REALTRACS,2294238,N,Y,36.1716029,-86.7796691
PAST SALE,,Vacant Land,1013 9th Ave N,Nashville,TN,37208,36000,,,,,1742,,,,,,,,https://www.redfin.com/TN/Nashville/1013-9th-Ave-N-37208/home/87804256,,,N,Y,36.1717224,-86.7917577
PAST SALE,November-1-2021,Vacant Land,2307 Booker St,Nashville,TN,37208,225000,,,Brown & Triggs/Mcnairy,,9583,,,,,Sold,,,https://www.redfin.com/TN/Nashville/2307-Booker-St-37208/home/108128261,REALTRACS,2301091,N,Y,36.160219,-86.810668
PAST SALE,July-9-2021,Vacant Land,1011B Battery Ln,Nashville,TN,37220,530000,,,Green Hills,,26136,,,,,Sold,,,https://www.redfin.com/TN/Nashville/1011B-Battery-Ln-37220/home/175652630,REALTRACS,2272116,N,Y,36.0872372,-86.7924834
PAST SALE,October-20-2021,Vacant Land,686 Putnam Dr,Nashville,TN,37218,65000,,,Royal Hills,,17859,,,,,Sold,,,https://www.redfin.com/TN/Nashville/686-Putnam-Dr-37218/home/68901977,REALTRACS,2264390,N,Y,36.224215,-86.843688
PAST SALE,,Single Family Residential,191 Little Green St,Nashville,TN,37210,520000,,1.0,,640,6098,2018,,813,,,,,https://www.redfin.com/TN/Nashville/191-Little-Green-St-37210/home/167942174,,,N,Y,36.1524935,-86.7496
PAST SALE,,Vacant Land,13 Decatur St,Nashville,TN,37210,110000,,,,,5227,,,,,,,,https://www.redfin.com/TN/Nashville/13-Decatur-St-37210/home/87829319,,,N,Y,36.150576,-86.753596
PAST SALE,,Vacant Land,503 W Trinity Ln,Nashville,TN,37207,2000000,,,,,216058,,,,,,,,https://www.redfin.com/TN/Nashville/503-W-Trinity-Ln-37207/home/87803214,,,N,Y,36.209236,-86.787929
PAST SALE,May-14-2021,Vacant Land,7524 River Road Pike,Nashville,TN,37209,125000,,,River Road Estates,,234352,,,,40,Sold,,,https://www.redfin.com/TN/Nashville/7524-River-Rd-Pike-37209/home/60902149,REALTRACS,2224274,N,Y,36.154657,-86.955194
PAST SALE,February-2-2021,Vacant Land,1021 Harpeth Valley Ct,Nashville,TN,37221,85000,,,Bellevue Manor,,78843,,,,,Sold,,,https://www.redfin.com/TN/Nashville/1021-Harpeth-Valley-Ct-37221/home/108128715,REALTRACS,2174453,N,Y,36.087802,-86.959849
PAST SALE,February-26-2021,Vacant Land,0 Pond Creek Rd,Pegram,TN,37143,59500,,,Pond Creek Rd.,,217800,,,,,Sold,,,https://www.redfin.com/TN/PEGRAM/POND-CREEK-RD-37143/home/163284730,REALTRACS,2140284,N,Y,36.125686,-86.996771
PAST SALE,,Other,7720 Sawyer Brown Rd,Nashville,TN,37221,92000,,,,,23522,,,,,,,,https://www.redfin.com/TN/Nashville/7720-Sawyer-Brown-Rd-37221/home/108095731,,,N,Y,36.0963386,-86.932922
PAST SALE,,Vacant Land,8250 Charlotte Pike,Nashville,TN,37221,175000,,,,,225641,,,,,,,,https://www.redfin.com/TN/Nashville/8250-Charlotte-Pike-37221/home/107991278,,,N,Y,36.094037,-86.97578
PAST SALE,September-30-2021,Vacant Land,"0 Sears Rd, Tract 1",Pegram,TN,37143,159000,,,Three Points Subdivision,,136342,,,,,Sold,,,https://www.redfin.com/TN/PEGRAM/SEARS-RD-37143/home/87225535,REALTRACS,2251670,N,Y,36.110706,-87.019795
PAST SALE,April-9-2021,Vacant Land,0 Leon Rd,Nashville,TN,37221,242500,,,SUBDIVISION,,770576,,,,,Sold,,,https://www.redfin.com/TN/Nashville/100-Coley-Davis-Rd-37221/home/87816371,REALTRACS,2130176,N,Y,36.0811799,-86.9531153
PAST SALE,November-12-2021,Vacant Land,0 Haselton Rd,Nashville,TN,37221,630000,,,Natchez Trace Area,,1094227,,,,,Sold,,,https://www.redfin.com/TN/Nashville/110-Coley-Davis-Rd-37221/home/175880000,REALTRACS,2252120,N,Y,36.08143,-86.953869
PAST SALE,December-1-2021,Vacant Land,8519 Mccrory Ln,Nashville,TN,37221,199900,,,BELLEVUE,,217800,,,,,Sold,,,https://www.redfin.com/TN/Nashville/8519-McCrory-Ln-37221/home/60880332,REALTRACS,1490794,N,Y,36.057395,-86.991072
PAST SALE,,Vacant Land,267 Collier Ave,Nashville,TN,37211,155000,,,,,11761,,,,,,,,https://www.redfin.com/TN/Nashville/267-Collier-Ave-37211/home/108038592,,,N,Y,36.109241,-86.740168
PAST SALE,,Vacant Land,5974 Lickton Pike,Goodlettsville,TN,37072,85000,,,,,222156,,,,,,,,https://www.redfin.com/TN/Goodlettsville/5974-Lickton-Pike-37072/home/60903392,,,N,Y,36.342939,-86.77203
PAST SALE,,Parking,451 Elysian Fields Rd,Nashville,TN,37211,330000,,,,,71003,,,,,,,,https://www.redfin.com/TN/Nashville/451-Elysian-Fields-Rd-37211/home/163243265,,,N,Y,36.084989,-86.731768
PAST SALE,,Parking,1106 S Graycroft Ave,Madison,TN,37115,515000,,,,,43124,,,,,,,,https://www.redfin.com/TN/Madison/1106-S-Graycroft-Ave-37115/home/163334147,,,N,Y,36.250259,-86.73493
PAST SALE,June-17-2021,Vacant Land,215 Myatt Dr,Madison,TN,37115,150000,,,Archwood Acres,,23958,,,,,Sold,,,https://www.redfin.com/TN/Madison/215-Myatt-Dr-37115/home/167551513,REALTRACS,2246420,N,Y,36.268301,-86.689481
PAST SALE,June-18-2021,Vacant Land,145 Elmhurst Ave,Nashville,TN,37207,300000,,,East View,,7840,,,,,Sold,,,https://www.redfin.com/TN/Nashville/145-Elmhurst-Ave-37207/home/108024614,REALTRACS,2253428,N,Y,36.1981582,-86.7732741
PAST SALE,,Vacant Land,OLD HICKORY BLVD,ANTIOCH,TN,37013,20000,,,,,91476,,,,,,,,https://www.redfin.com/TN/ANTIOCH/OLD-HICKORY-BLVD-37013/home/163351223,,,N,Y,36.041574,-86.692963
PAST SALE,August-16-2021,Vacant Land,725 Hart Ave,Nashville,TN,37206,215000,,,J W Hart,,7840,,,,,Sold,,,https://www.redfin.com/TN/Nashville/725-Hart-Ave-37206/home/108020688,REALTRACS,2274703,N,Y,36.1842481,-86.7554454
PAST SALE,January-13-2021,Single Family Residential,812 High Point Trace Ct,Nashville,TN,37221,494500,4,2.5,Traceside,3514,12196,1996,,141,67,Sold,,,https://www.redfin.com/TN/Nashville/812-High-Point-Trace-Ct-37221/home/60759361,REALTRACS,2212090,N,Y,36.03391,-86.965506
PAST SALE,December-29-2020,Single Family Residential,7053 Meadow Ridge Cir,Nashville,TN,37221,454000,4,2.5,Traceside,2805,10890,1999,,162,66,Sold,,,https://www.redfin.com/TN/Nashville/7053-Meadow-Ridge-Cir-37221/home/70639175,REALTRACS,2204555,N,Y,36.0318421,-86.9630937
PAST SALE,April-26-2021,Single Family Residential,6877 Collinswood Dr,Nashville,TN,37221,471000,3,2.5,Poplar Creek Estates,2541,9583,1996,,185,19,Sold,,,https://www.redfin.com/TN/Nashville/6877-Collinswood-Dr-37221/home/108042901,REALTRACS,2237874,N,Y,36.0490875,-86.9622131
PAST SALE,February-25-2021,Single Family Residential,616 Indian Ridge Dr,Nashville,TN,37221,390000,3,3.0,McCrory Trace Estates,2290,9583,1989,,170,54,Sold,,,https://www.redfin.com/TN/Nashville/616-Indian-Ridge-Dr-37221/home/108100380,REALTRACS,2223844,N,Y,36.0436028,-86.976193
PAST SALE,May-24-2021,Single Family Residential,7025 Poplar Creek Trce,Nashville,TN,37221,451000,3,2.5,Poplar Creek Estates,2174,11761,1987,,207,19,Sold,,,https://www.redfin.com/TN/Nashville/7025-Poplar-Creek-Trce-37221/home/60775209,REALTRACS,2246425,N,Y,36.04986,-86.9547759
PAST SALE,May-14-2021,Single Family Residential,6608 Autumnwood Dr,Nashville,TN,37221,395013,3,2.5,Poplar Creek Estates,1853,8712,1988,,213,19,Sold,,,https://www.redfin.com/TN/Nashville/6608-Autumnwood-Dr-37221/home/108133280,REALTRACS,2245461,N,Y,36.0468032,-86.96007
PAST SALE,April-19-2021,Single Family Residential,605 Indian Ridge Dr,Nashville,TN,37221,511500,5,3.5,McCrory Trace Estates,3019,9583,1990,,169,54,Sold,,,https://www.redfin.com/TN/Nashville/605-Indian-Ridge-Dr-37221/home/60865037,REALTRACS,2237095,N,Y,36.044509,-86.9767794
PAST SALE,May-24-2021,Single Family Residential,8617 Haselton Rd,Nashville,TN,37221,863000,4,3.5,Haselton,3703,91040,1989,,233,,Sold,,,https://www.redfin.com/TN/Nashville/8617-Haselton-Rd-37221/home/108093410,REALTRACS,2225016,N,Y,36.0290356,-86.984593
PAST SALE,January-16-2021,Single Family Residential,5962 Asberry Ct,Nashville,TN,37221,569000,3,2.5,Redbud Sec 2,3028,104544,1966,,188,,Sold,,,https://www.redfin.com/TN/Nashville/5962-Asberry-Ct-37221/home/87880998,REALTRACS,2205817,N,Y,36.0398596,-86.945647
PAST SALE,March-4-2021,Single Family Residential,1229 Temple Ridge Dr,Nashville,TN,37221,685000,4,2.5,Temple Ridge Estates,3725,58806,1988,,184,,Sold,,,https://www.redfin.com/TN/Nashville/1229-Temple-Ridge-Dr-37221/home/87883876,REALTRACS,2217570,N,Y,36.0366087,-86.9480335
PAST SALE,January-15-2021,Single Family Residential,2281 Old Hickory Blvd,Nashville,TN,37215,6399000,7,8.5,16 Acres,10898,696960,1940,,587,,Sold,,,https://www.redfin.com/TN/Nashville/2281-Old-Hickory-Blvd-37215/home/60680553,REALTRACS,2219668,N,Y,36.047809,-86.875989
PAST SALE,April-5-2021,Single Family Residential,7809 Trace Creek Ct,Nashville,TN,37221,542000,3,2.5,Harpeth River Estates,2426,69696,2005,,223,,Sold,,,https://www.redfin.com/TN/Nashville/7809-Trace-Creek-Ct-37221/home/107978158,REALTRACS,2231512,N,Y,36.0472821,-86.9378803
PAST SALE,March-16-2021,Single Family Residential,19 Middleton Park Ln,Nashville,TN,37215,1775000,4,5.0,MIDDLETON,6237,25700,1997,,285,283,Sold,,,https://www.redfin.com/TN/Nashville/19-Middleton-Park-Ln-37215/home/108056319,REALTRACS,2230312,N,Y,36.0464794,-86.8736644
PAST SALE,March-29-2021,Single Family Residential,200 Middleton Ct,Nashville,TN,37215,1950000,4,5.0,Middleton,5189,12632,2014,,376,192,Sold,,,https://www.redfin.com/TN/Nashville/200-Middleton-Ct-37215/home/60906742,REALTRACS,2229123,N,Y,36.0487152,-86.8747615
PAST SALE,March-13-2021,Single Family Residential,6133 Tuliptree Ln,Nashville,TN,37221,424000,4,2.5,Poplar Creek Estates,2764,12196,1986,,153,19,Sold,,,https://www.redfin.com/TN/Nashville/6133-Tuliptree-Ln-37221/home/108069223,REALTRACS,2228747,N,Y,36.0495315,-86.9574808
PAST SALE,May-3-2021,Single Family Residential,2741 Rock Wall Rd,Nashville,TN,37221,792500,4,3.5,Horseshoe Bend Ph 2-A,4008,18730,1994,,198,75,Sold,,,https://www.redfin.com/TN/Nashville/2741-Rock-Wall-Rd-37221/home/87881432,REALTRACS,2250333,N,Y,36.0517667,-86.9231697
PAST SALE,,Single Family Residential,2007 Valley Dr,Goodlettsville,TN,37072,165000,,2.0,,966,3795,1989,,171,,,,,https://www.redfin.com/TN/Goodlettsville/2007-Valley-Dr-37072/home/92245148,,,N,Y,36.3742849,-86.7271967
PAST SALE,December-9-2020,Vacant Land,3715 Old Clarksville Pike,Joelton,TN,37080,10000,,,R.L. REEDER PROPERTY,,76665,,,,,Sold,,,https://www.redfin.com/TN/Joelton/3715-Old-Clarksville-Pike-37080/home/144271829,REALTRACS,2179149,N,Y,36.3156672,-86.877721
PAST SALE,July-6-2021,Vacant Land,4888 Lickton Pike,Whites Creek,TN,37189,600000,,,Whites Creek,,3944358,,,,,Sold,,,https://www.redfin.com/TN/Whites-Creek/4888-Lickton-Pike-37189/home/113006283,REALTRACS,2068530,N,Y,36.296118,-86.816061
PAST SALE,October-27-2021,Vacant Land,2228 Kayla Dr,Goodlettsville,TN,37072,95000,,,Greenview Estates,,20473,,,,30,Sold,,,https://www.redfin.com/TN/Goodlettsville/2228-Kayla-Dr-37072/home/60852549,REALTRACS,2186313,N,Y,36.37286,-86.739795
PAST SALE,,Single Family Residential,931 41W HWY,GOODLETTSVILLE,TN,37072,195000,,1.0,,720,174240,1940,,271,,,,,https://www.redfin.com/TN/GOODLETTSVILLE/931-41W-HWY-37072/home/87515012,,,N,Y,36.352059,-86.72085
PAST SALE,,Vacant Land,CROCKER SPRINGS RD,GOODLETTSVILLE,TN,37072,99000,,,,,1281100,,,,,,,,https://www.redfin.com/TN/GOODLETTSVILLE/CROCKER-SPRINGS-RD-37072/home/163331186,,,N,Y,36.325728,-86.830959
PAST SALE,,Other,867 Springfield Hwy,Goodlettsville,TN,37072,650000,,,,,40511,2021,,,,,,,https://www.redfin.com/TN/Goodlettsville/867-Springfield-Hwy-37072/home/92250252,,,N,Y,36.348026,-86.720354
PAST SALE,March-15-2021,Condo/Co-op,6005B Pennsylvania Ave,Nashville,TN,37209,570000,3,3.0,6005 Pennsylvania Avenue T,2050,1306,2016,,278,,Sold,,,https://www.redfin.com/TN/Nashville/6005-Pennsylvania-Ave-37209/unit-B/home/112483092,REALTRACS,2223889,N,Y,36.1641628,-86.8603308
PAST SALE,May-5-2021,Vacant Land,2796 Union Hill Rd,Joelton,TN,37080,80000,,,Maggie Early Lots,,89733,,,,,Sold,,,https://www.redfin.com/TN/Joelton/2796-Union-Hill-Rd-37080/home/163331174,REALTRACS,2244808,N,Y,36.3339349,-86.845086
PAST SALE,,Vacant Land,OLD CLARKSVILLE PIKE,JOELTON,TN,37080,500000,,,,,80150,,,,,,,,https://www.redfin.com/TN/JOELTON/OLD-CLARKSVILLE-PIKE-37080/home/163266086,,,N,Y,36.312832,-86.930234
PAST SALE,January-20-2021,Single Family Residential,349 Moira Cir,Nolensville,TN,37135,412900,4,3.0,Carothers Farms,2176,3920,2020,,190,91,Sold,,,https://www.redfin.com/TN/NOLENSVILLE/349-MOIRA-CIR-37135/home/173144477,REALTRACS,2188544,N,Y,35.982667,-86.623573
PAST SALE,,Vacant Land,CROCKER SPRINGS RD,GOODLETTSVILLE,TN,37072,94050,,,,,1078110,,,,,,,,https://www.redfin.com/TN/GOODLETTSVILLE/CROCKER-SPRINGS-RD-37072/home/163077005,,,N,Y,36.32222,-86.828444
PAST SALE,,Vacant Land,TRAIL HOLLOW LN,WHITES CREEK,TN,37189,13200,,,,,444748,,,,,,,,https://www.redfin.com/TN/WHITES-CREEK/TRAIL-HOLLOW-LN-37189/home/163080613,,,N,Y,36.258492,-86.790101
PAST SALE,January-29-2021,Single Family Residential,331 Moira Cir W,Nolensville,TN,37135,382175,3,2.5,Carothers Farms,1907,5227,2020,,200,91,Sold,,,https://www.redfin.com/TN/NOLENSVILLE/331-MOIRA-CIR-37135/home/173649206,REALTRACS,2205593,N,Y,35.983209,-86.623669
PAST SALE,February-1-2021,Single Family Residential,441 Becanni Ln #45,Nashville,TN,37209,456500,3,2.5,The Becanni,1923,,2020,,237,125,Sold,,,https://www.redfin.com/TN/Nashville/441-Becanni-LN-37209/unit-45/home/173734878,REALTRACS,2207524,N,Y,36.15648628,-86.8755748
PAST SALE,February-26-2021,Single Family Residential,6359B Alamo Pl,Nashville,TN,37209,530000,4,3.5,Crolywood,2193,8276,2020,,242,,Sold,,,https://www.redfin.com/TN/Nashville/6359-Alamo-Pl-37209/unit-B/home/107998575,REALTRACS,2195919,N,Y,36.1528217,-86.872822
PAST SALE,May-7-2021,Townhouse,126 Lake Chateau Dr,Hermitage,TN,37076,250000,3,2.0,Lake Chateau,1343,871,1985,,186,225,Sold,,,https://www.redfin.com/TN/Hermitage/126-Lake-Chateau-Dr-37076/home/108053057,REALTRACS,2242477,N,Y,36.1610129,-86.594086
PAST SALE,October-12-2021,Vacant Land,1025 Hitt Ln,Goodlettsville,TN,37072,250000,,,Goodlettsville,,217800,,,,,Sold,,,https://www.redfin.com/TN/Goodlettsville/1025-Hitt-Ln-37072/home/60884613,REALTRACS,2278597,N,Y,36.317203,-86.743013
PAST SALE,May-6-2021,Vacant Land,0 Clay Lick Rd,Whites Creek,TN,37189,475000,,,Whites Creek,,4480146,,,,,Sold,,,https://www.redfin.com/TN/WHITES-CREEK/CLAY-LICK-RD-37189/home/163331538,REALTRACS,2122837,N,Y,36.316568,-86.827407
PAST SALE,March-13-2021,Single Family Residential,421 Corner Aly,Nolensville,TN,37135,355720,3,2.5,Carothers Farms,1754,,2020,,203,91,Sold,,,https://www.redfin.com/TN/NOLENSVILLE/421-CORNER-ALY-37135/home/173162863,REALTRACS,2188999,N,Y,35.983324,-86.622522
PAST SALE,,Vacant Land,LICKTON PIKE,WHITES CREEK,TN,37189,178000,,,,,775368,,,,,,,,https://www.redfin.com/TN/WHITES-CREEK/LICKTON-PIKE-37189/home/163174582,,,N,Y,36.29194,-86.814856
PAST SALE,February-26-2021,Vacant Land,4604 Indian Summer Dr,Nashville,TN,37207,60000,,,Quail Ridge,,10890,,,,,Sold,,,https://www.redfin.com/TN/Nashville/4604-Indian-Summer-Dr-37207/home/87809176,REALTRACS,2222309,N,Y,36.291148,-86.788379
PAST SALE,March-17-2021,Townhouse,1527 Winding Creek Dr,Nolensville,TN,37135,277900,3,2.5,Carothers Crossing,1319,2178,2017,,211,160,Sold,,,https://www.redfin.com/TN/NOLENSVILLE/1527-WINDING-CREEK-DR-37135/home/144499585,REALTRACS,2228670,N,Y,35.984188,-86.620523
PAST SALE,May-6-2021,Single Family Residential,5819 Carl Pl Unit B,Nashville,TN,37209,440000,3,2.5,West Park,1593,6098,2021,,276,,Sold,,,https://www.redfin.com/TN/Nashville/5819-Carl-Pl-37209/unit-A/home/108025404,REALTRACS,2234122,N,Y,36.1599516,-86.8595521
PAST SALE,November-12-2021,Vacant Land,115 Lucile St,Nashville,TN,37207,1080000,,,Cleveland Parke,,871,,,,125,Sold,,,https://www.redfin.com/TN/Nashville/115-Lucile-St-37207/home/148398458,REALTRACS,2285856,N,Y,36.1964446,-86.7700294
PAST SALE,November-9-2021,Vacant Land,221 Valeria St,Nashville,TN,37210,155000,,,Overhill City,,3920,,,,,Sold,,,https://www.redfin.com/TN/Nashville/221-Valeria-St-37210/home/163290147,REALTRACS,2266952,N,Y,36.1210324,-86.7450467
PAST SALE,March-10-2021,Single Family Residential,405 Corner Aly W,Nolensville,TN,37135,359900,3,2.5,Carothers Farms,1763,3484,2020,,204,91,Sold,,,https://www.redfin.com/TN/NOLENSVILLE/405-CORNER-ALY-37135/home/173470913,REALTRACS,2199939,N,Y,35.9829,-86.622467
PAST SALE,December-2-2021,Vacant Land,314 Duke St,Nashville,TN,37207,560000,,,J B Haynies Oriental,,14810,,,,,Sold,,,https://www.redfin.com/TN/Nashville/314-Duke-St-37207/home/87819386,REALTRACS,2266138,N,Y,36.2069198,-86.7620043
PAST SALE,,Parking,604 Madison St #1,Nashville,TN,37208,553300,,,,,27007,,,,,,,,https://www.redfin.com/TN/Nashville/604-Madison-St-37208/unit-1/home/163107411,,,N,Y,36.174418,-86.789686
PAST SALE,January-18-2021,Single Family Residential,353 Moira Cir,Nolensville,TN,37135,394900,3,2.5,Carothers Farms,2571,4791,2020,,154,91,Sold,,,https://www.redfin.com/TN/Nolensville/353-Moira-Circle-241-37135/home/172615475,REALTRACS,2196422,N,Y,35.9825584,-86.62350988
PAST SALE,May-12-2021,Condo/Co-op,6203B New York Ave,Nashville,TN,37209,535000,3,3.0,The Nations,2080,3920,2015,,257,,Sold,,,https://www.redfin.com/TN/Nashville/6203-New-York-Ave-37209/unit-B/home/104500873,REALTRACS,2242127,N,Y,36.1674956,-86.8617712
PAST SALE,February-26-2021,Condo/Co-op,5612 Burgess Ave,Nashville,TN,37209,479900,3,3.5,Catalyst Nashville,1866,871,2016,,257,115,Sold,,,https://www.redfin.com/TN/Nashville/5612-Burgess-Ave-37209/home/86212026,REALTRACS,2205329,N,Y,36.1452334,-86.8589219
PAST SALE,,Condo/Co-op,918 South St,Nashville,TN,37203,750000,,,,1232,,2019,,609,,,,,https://www.redfin.com/TN/Nashville/918-South-St-37203/home/174899233,,,N,Y,36.1471118,-86.7808828
PAST SALE,,Vacant Land,601 W Nocturne Dr,Nashville,TN,37207,200000,,,,,42689,,,,,,,,https://www.redfin.com/TN/Nashville/601-W-Nocturne-Dr-37207/home/60914450,,,N,Y,36.211049,-86.797629
PAST SALE,March-30-2021,Single Family Residential,1824 Paisley Drive #342,Nolensville,TN,37135,467400,3,2.0,Burkitt Village,1908,,2021,,245,45,Sold,,,https://www.redfin.com/TN/Nolensville/1824-Paisley-Drive-342-37135/home/173116519,REALTRACS,2188112,N,Y,35.98846471,-86.66262248
PAST SALE,,Other,2804 Oakwood Ave,Nashville,TN,37207,125000,,,,,11326,,,,,,,,https://www.redfin.com/TN/Nashville/2804-Oakwood-Ave-37207/home/87812451,,,N,Y,36.217529,-86.7533636
PAST SALE,,Multi-Family (5+ Unit),2200 State St,Nashville,TN,37203,37960000,,,,135250,34848,2015,,281,,,,,https://www.redfin.com/TN/Nashville/2200-State-St-37203/home/112489775,,,N,Y,36.1528858,-86.8051649
PAST SALE,April-5-2021,Single Family Residential,1832 Paisley Dr. #340,Nolensville,TN,37135,443665,3,2.0,Burkitt Village,2027,,2021,,219,45,Sold,,,https://www.redfin.com/TN/Nolensville/1832-Paisley-Dr-340-37135/home/173116385,REALTRACS,2188098,N,Y,35.99038105,-86.66150019
PAST SALE,March-8-2021,Single Family Residential,510B Eastboro Dr,Nashville,TN,37209,440000,3,3.0,510A-510B Eastboro Drive T,1920,871,2017,,229,,Sold,,,https://www.redfin.com/TN/Nashville/510-Eastboro-Dr-37209/unit-B/home/144499981,REALTRACS,2215060,N,Y,36.1516351,-86.8675418
PAST SALE,October-27-2021,Vacant Land,3310 Nevada Ave,Nashville,TN,37209,450000,,,Hortense Place,,7405,,,,,Sold,,,https://www.redfin.com/TN/Nashville/3310-Nevada-Ave-37209/home/68912284,REALTRACS,2283645,N,Y,36.149917,-86.825418
PAST SALE,November-5-2021,Vacant Land,0 Oakwood Ave,Nashville,TN,37207,125000,,,Jones Park Estates,,12196,,,,,Sold,,,https://www.redfin.com/TN/Nashville/2037-Oakwood-Ave-37207/home/175560463,REALTRACS,2296722,N,Y,36.2080168,-86.7519033
PAST SALE,March-26-2021,Single Family Residential,2004 Kirkwall Dr #357,Nolensville,TN,37135,429525,3,2.0,Burkitt Village,1981,,2021,,217,45,Sold,,,https://www.redfin.com/TN/Nolensville/2004-Kirkwall-Dr-37135/home/173115936,REALTRACS,2188058,N,Y,35.987452,-86.6622703
PAST SALE,October-22-2021,Vacant Land,5451 Granny White Pike,Brentwood,TN,37027,1625000,,,Miller,,111949,,,,,Sold,,,https://www.redfin.com/TN/Brentwood/5451-Granny-White-Pike-37027/home/108013861,REALTRACS,2273600,N,Y,36.056435,-86.816568
PAST SALE,October-21-2021,Vacant Land,801 25th Ave N,Nashville,TN,37208,125000,,,Faulconer & Ashcraft/Mcnai,,3920,,,,,Sold,,,https://www.redfin.com/TN/Nashville/801-25th-Ave-N-37208/home/87815479,REALTRACS,2298107,N,Y,36.1611549,-86.81442
PAST SALE,,Single Family Residential,7481 Maggie Dr,Antioch,TN,37013,275000,3,2.5,,1898,6534,2004,,145,,,,,https://www.redfin.com/TN/Antioch/7481-Maggie-Dr-37013/home/78711999,,,N,Y,36.0099724,-86.655146
PAST SALE,,Condo/Co-op,122 Oceola Ave Unit B,Nashville,TN,37209,485000,3,4.0,,2094,,2019,,232,,,,,https://www.redfin.com/TN/Nashville/122-Oceola-Ave-37209/unit-B/home/144498654,,,N,Y,36.1442669,-86.8593216
PAST SALE,April-1-2021,Single Family Residential,626 Eastboro Dr,Nashville,TN,37209,539900,3,2.5,Charlotte Park,2034,8276,2021,,265,,Sold,,,https://www.redfin.com/TN/Nashville/626-Eastboro-Dr-37209/home/174241036,REALTRACS,2221984,N,Y,36.1549787,-86.8674934
PAST SALE,February-26-2021,Single Family Residential,3728 Hoggett Ford Rd,Hermitage,TN,37076,332000,3,2.5,Villages Of Riverwood,1870,5227,2017,,178,70,Sold,,,https://www.redfin.com/TN/Hermitage/3728-Hoggett-Ford-Rd-37076/home/147971476,REALTRACS,2203965,N,Y,36.1704677,-86.6230351
PAST SALE,March-22-2021,Single Family Residential,826 Sunset View Dr,Hermitage,TN,37076,373441,3,3.0,Magnolia Farms,2348,,2020,,159,131,Sold,,,https://www.redfin.com/TN/Hermitage/826-Sunset-View-Dr-37076/home/174211882,REALTRACS,2220906,N,Y,36.174221,-86.62776
PAST SALE,,Multi-Family (5+ Unit),281 Cumberland Bnd,Nashville,TN,37228,74260000,,,,270245,321908,2017,,275,,,,,https://www.redfin.com/TN/Nashville/281-Cumberland-Bnd-37228/home/148404185,,,N,Y,36.1925183,-86.7896637
PAST SALE,,Vacant Land,2610 Meharry Blvd,Nashville,TN,37208,240000,,,,,8712,,,,,,,,https://www.redfin.com/TN/Nashville/2610-Meharry-Blvd-37208/home/104209422,,,N,Y,36.167215,-86.817493
PAST SALE,,Single Family Residential,2584 Kanlow Dr,Antioch,TN,37013,305000,3,2.5,,2234,7841,2005,,137,,,,,https://www.redfin.com/TN/Antioch/2584-Kanlow-Dr-37013/home/108045852,,,N,Y,36.0187842,-86.6544375
PAST SALE,,Vacant Land,3219 Alpine Ave,Nashville,TN,37218,265825,,,,,43996,,,,,,,,https://www.redfin.com/TN/Nashville/3219-Alpine-Ave-37218/home/68912292,,,N,Y,36.201987,-86.828492
PAST SALE,,Vacant Land,2600 Hillsboro Pike #110,Nashville,TN,37212,318400,,,,,265280,,,,,,,,https://www.redfin.com/TN/Nashville/2600-Hillsboro-Pike-37212/unit-110/home/108144906,,,N,Y,36.124674,-86.805364
PAST SALE,June-30-2021,Vacant Land,4910 Delaware Ave,Nashville,TN,37209,875000,,,West Nashville,,13939,,,,,Sold,,,https://www.redfin.com/TN/Nashville/4910-Delaware-Ave-37209/home/68905137,REALTRACS,2251891,N,Y,36.1546627,-86.8470874
PAST SALE,October-1-2021,Vacant Land,5451 Hill Road Cir,Nashville,TN,37220,415000,,,Brentview Meadows,,22651,,,,,Sold,,,https://www.redfin.com/TN/Nashville/5451-Hill-Road-Cir-37220/home/175959853,REALTRACS,2278902,N,Y,36.0489788,-86.7543764
PAST SALE,,Single Family Residential,205 Blue Ridge Dr,Old Hickory,TN,37138,146500,,2.0,,1300,14423,1970,,113,,,,,https://www.redfin.com/TN/Old-Hickory/205-Blue-Ridge-Dr-37138/home/103888988,,,N,Y,36.2193614,-86.5828714
PAST SALE,May-14-2021,Single Family Residential,46 Twin St,Nashville,TN,37209,410000,3,2.0,West Nashville Heights,1412,4791,2014,,290,,Sold,,,https://www.redfin.com/TN/Nashville/46-Twin-St-37209/home/60839043,REALTRACS,2247326,N,Y,36.1518335,-86.862555
PAST SALE,July-28-2021,Vacant Land,0 S 12th St,Nashville,TN,37206,200000,,,Payne Blakemore Cummings,,,,,,,Sold,,,https://www.redfin.com/TN/NASHVILLE/S-12TH-ST-37206/home/107985535,REALTRACS,2253955,N,Y,36.169969,-86.749215
PAST SALE,January-22-2021,Vacant Land,4017 Indiana Ave,Nashville,TN,37208,288000,,,Davis/Clifton,,,,,,,Sold,,,https://www.redfin.com/TN/Nashville/4017-Indiana-Ave-37209/home/144662281,REALTRACS,2216880,N,Y,36.156894,-86.835624
PAST SALE,,Condo/Co-op,1104 18th Ave S,Nashville,TN,37212,1100000,,,,6138,,1985,,179,,,,,https://www.redfin.com/TN/Nashville/1104-18th-Ave-S-37212/home/108109926,,,N,Y,36.1442924,-86.7952565
PAST SALE,April-8-2021,Single Family Residential,1559 Sprucedale Dr,Antioch,TN,37013,191000,2,2.5,Old Hickory Commons,1224,871,2016,,156,110,Sold,,,https://www.redfin.com/TN/Antioch/1559-Sprucedale-Dr-37013/home/87809878,REALTRACS,2229855,N,Y,36.0351489,-86.615285
PAST SALE,February-1-2021,Townhouse,4147 Saddlecreek Way,Antioch,TN,37013,195000,2,2.5,Old Hickory Commons,1258,871,2016,,155,100,Sold,,,https://www.redfin.com/TN/Antioch/4147-Saddlecreek-Way-37013/home/87810257,REALTRACS,2214692,N,Y,36.036696,-86.613421
PAST SALE,December-22-2020,Single Family Residential,5176 Preserve Blvd,Antioch,TN,37013,219300,3,2.0,The Preserve At Old Hickor,1183,4356,2010,,185,29,Sold,,,https://www.redfin.com/TN/Antioch/5176-Preserve-Blvd-37013/home/108018408,REALTRACS,2174957,N,Y,36.0341117,-86.619593
PAST SALE,February-23-2021,Single Family Residential,4524 Sandpiper Ln,Antioch,TN,37013,325000,3,2.5,Summerfield Village,2115,7405,2017,,154,33,Sold,,,https://www.redfin.com/TN/Antioch/4524-Sandpiper-Ln-37013/home/108046565,REALTRACS,2220607,N,Y,36.0452914,-86.6150407
PAST SALE,May-28-2021,Single Family Residential,924 Birchmill Pt S,Antioch,TN,37013,230000,3,2.0,The Preserve At Old Hickor,1183,5662,2009,,194,32,Sold,,,https://www.redfin.com/TN/Antioch/924-Birchmill-Pt-S-37013/home/87813791,REALTRACS,2246931,N,Y,36.0307478,-86.6158216
PAST SALE,January-19-2021,Townhouse,1538 Sprucedale Dr,Antioch,TN,37013,202500,2,2.5,Old Hickory Commons,1311,871,2011,,154,100,Sold,,,https://www.redfin.com/TN/Antioch/1538-Sprucedale-Dr-37013/home/87812266,REALTRACS,2203267,N,Y,36.034824,-86.615679
PAST SALE,December-30-2020,Single Family Residential,2325 Preserve Cir,Antioch,TN,37013,292663,4,2.5,The Preserve,1824,,2020,,160,30,Sold,,,https://www.redfin.com/TN/Nashville/2325-Preserve-Blvd-37013/home/173696876,REALTRACS,2206594,N,Y,36.0334001,-86.61484295
PAST SALE,December-31-2020,Single Family Residential,2291 Preserve Cir,Antioch,TN,37013,301659,4,2.5,The Preserve,2073,,2020,,146,30,Sold,,,https://www.redfin.com/TN/Nashville/2291-Preserve-Blvd-37013/home/173696858,REALTRACS,2206589,N,Y,36.0334001,-86.61484295
PAST SALE,April-15-2021,Townhouse,4034 Saddlecreek Way (lot 5104) #5104,Antioch,TN,37013,214990,3,2.5,Old Hickory Commons,1404,,2020,,153,110,Sold,,,https://www.redfin.com/TN/Antioch/4034-Saddlecreek-Way-37013/unit-5104/home/174945142,REALTRACS,2212613,N,Y,36.0362259,-86.6126825
PAST SALE,February-5-2021,Single Family Residential,2133 Preserve Cir,Antioch,TN,37013,301659,4,2.5,The Preserve,2073,,2020,,146,30,Sold,,,https://www.redfin.com/TN/Nashville/2133-Preserve-Blvd-37013/home/173769285,REALTRACS,2208781,N,Y,36.0334001,-86.61484295
PAST SALE,April-29-2021,Townhouse,1535 Sprucedale Dr #1535,Antioch,TN,37013,207500,2,2.5,Old Hickory Commons,1258,871,2016,,165,110,Sold,,,https://www.redfin.com/TN/Antioch/1535-Sprucedale-Dr-37013/home/87810369,REALTRACS,2239120,N,Y,36.035334,-86.61605
PAST SALE,March-24-2021,Single Family Residential,3118 Justin Towne Ct,Antioch,TN,37013,185000,2,1.5,Justin Towne,1200,5227,1983,,154,,Sold,,,https://www.redfin.com/TN/Antioch/3118-Justin-Towne-Ct-37013/home/60746129,REALTRACS,2230927,N,Y,36.078194,-86.6089387
PAST SALE,April-5-2021,Vacant Land,504 S Wilson Blvd,Nashville,TN,37205,850000,,,Woodlawn/Harding/Woodmont,,20473,,,,,Sold,,,https://www.redfin.com/TN/Nashville/504-N-Wilson-Blvd-37205/home/108023440,REALTRACS,2223689,N,Y,36.1374168,-86.8333488
PAST SALE,January-28-2021,Single Family Residential,464 Owendale Dr,Antioch,TN,37013,245000,3,2.0,Cherry Hills,1250,10890,1969,,196,,Sold,,,https://www.redfin.com/TN/Antioch/464-Owendale-Dr-37013/home/68841654,REALTRACS,2215821,N,Y,36.0776116,-86.6227438
PAST SALE,March-24-2021,Single Family Residential,113 Shoemaker Dr,Antioch,TN,37013,248000,3,2.0,Calumet,1284,3920,1997,,193,,Sold,,,https://www.redfin.com/TN/Antioch/113-Shoemaker-Dr-37013/home/68849829,REALTRACS,2229322,N,Y,36.0684832,-86.6150558
PAST SALE,February-12-2021,Single Family Residential,3328 New Towne Rd,Antioch,TN,37013,293000,3,2.5,Towne Village Of The Count,2019,10018,1979,,145,,Sold,,,https://www.redfin.com/TN/Antioch/3328-New-Towne-Rd-37013/home/87816991,REALTRACS,2208174,N,Y,36.0704114,-86.6053152
PAST SALE,March-29-2021,Single Family Residential,3583 Gondola Dr,Antioch,TN,37013,207900,2,1.5,Chelsea Of Priest Lake,1152,4791,1984,,180,,Sold,,,https://www.redfin.com/TN/Antioch/3583-Gondola-Dr-37013/home/87823279,REALTRACS,2215981,N,Y,36.0834277,-86.5991931
PAST SALE,March-12-2021,Single Family Residential,5141 Seabisquit Dr,Antioch,TN,37013,320000,3,2.5,Keeneland Downs,1979,6969,2016,,162,13,Sold,,,https://www.redfin.com/TN/Antioch/5141-Seabisquit-Dr-37013/home/102801806,REALTRACS,2224214,N,Y,36.0611313,-86.6145513
PAST SALE,December-14-2020,Single Family Residential,3239 Anderson Rd,Antioch,TN,37013,135000,2,1.5,Lakeshore Woods,1116,6098,1985,,121,,Sold,,,https://www.redfin.com/TN/Antioch/3239-Anderson-Rd-37013/home/107978046,REALTRACS,2202689,N,Y,36.075791,-86.6082858
PAST SALE,,Other,3521 Gondola Dr,Antioch,TN,37013,194000,3,2.0,,1066,6098,1986,,182,,,,,https://www.redfin.com/TN/Antioch/3521-Gondola-Dr-37013/home/107978193,,,N,Y,36.082679,-86.6040809
PAST SALE,,Single Family Residential,3313 Country Ridge Dr,Antioch,TN,37013,210500,3,2.0,,1650,11761,1984,,128,,,,,https://www.redfin.com/TN/Antioch/3313-Country-Ridge-Dr-37013/home/108008394,,,N,Y,36.0772298,-86.6031662
PAST SALE,January-20-2021,Single Family Residential,3028 Mossdale Dr,Antioch,TN,37013,133000,2,2.0,Cherry Hills,978,7840,1984,,136,,Sold,,,https://www.redfin.com/TN/Antioch/3028-Mossdale-Dr-37013/home/108010542,REALTRACS,2211995,N,Y,36.0713767,-86.6195245
PAST SALE,March-8-2021,Single Family Residential,3201 Bluewater Trce,Nashville,TN,37217,285000,3,2.0,Castlegate,1747,13939,1987,,163,,Sold,,,https://www.redfin.com/TN/Nashville/3201-Bluewater-Trce-37217/home/108028132,REALTRACS,2215246,N,Y,36.0797266,-86.6149846
PAST SALE,,Single Family Residential,3276 Hamilton Church Rd,Antioch,TN,37013,216000,3,1.0,,1536,27878,1975,,141,,,,,https://www.redfin.com/TN/Antioch/3276-Hamilton-Church-Rd-37013/home/108029322,,,N,Y,36.0638732,-86.6144581
PAST SALE,,Single Family Residential,3337 Towne Village Rd,Antioch,TN,37013,219000,3,1.5,,1160,11326,1986,,189,,,,,https://www.redfin.com/TN/Antioch/3337-Towne-Village-Rd-37013/home/108098555,,,N,Y,36.0740762,-86.6012659
PAST SALE,December-29-2020,Townhouse,3040 Owendale Dr,Antioch,TN,37013,250000,3,3.0,Forest View Park,1626,6098,1987,,154,13,Sold,,,https://www.redfin.com/TN/Antioch/3040-Owendale-Dr-37013/home/108100819,REALTRACS,2205111,N,Y,36.0657446,-86.6216804
PAST SALE,,Other,3260 LUANN Dr,Antioch,TN,37013,101539,2,1.5,,1216,5663,1985,,84,,,,,https://www.redfin.com/TN/Antioch/3260-LUANN-Dr-37013/home/108100971,,,N,Y,36.0697882,-86.6188797
PAST SALE,March-25-2021,Single Family Residential,312 Country Ct,Antioch,TN,37013,275000,3,2.0,The Country,1592,15681,1978,,173,,Sold,,,https://www.redfin.com/TN/Antioch/312-Country-Ct-37013/home/108135518,REALTRACS,2228795,N,Y,36.0787556,-86.6061211
PAST SALE,January-12-2021,Single Family Residential,1016 Trevino Pl,Antioch,TN,37013,306000,3,2.5,Townview Place,1750,10018,2020,,175,42,Sold,,,https://www.redfin.com/TN/Antioch/1016-Trevino-Pl-37013/home/163159483,REALTRACS,2132976,N,Y,36.0803428,-86.6182945
PAST SALE,,Single Family Residential,600 41st Ave N,Nashville,TN,37209,100000,,,,,10019,1919,,,,,,,https://www.redfin.com/TN/Nashville/600-41st-Ave-N-37209/home/108052374,,,N,Y,36.15512,-86.8359369
PAST SALE,April-8-2021,Single Family Residential,588 Castlegate Dr,Nashville,TN,37217,203000,3,2.5,Harbor Gate,1665,5227,1985,,122,,Sold,,,https://www.redfin.com/TN/Nashville/588-Castlegate-Dr-37217/home/108131655,REALTRACS,2227201,N,Y,36.0835953,-86.6122666
PAST SALE,May-18-2021,Single Family Residential,1112 Elkader Ct S,Antioch,TN,37013,348500,4,2.5,The Country,2542,11325,1988,,137,,Sold,,,https://www.redfin.com/TN/Antioch/1112-Elkader-Ct-S-37013/home/60802644,REALTRACS,2245012,N,Y,36.0784959,-86.6014326
PAST SALE,May-4-2021,Single Family Residential,705 Country Ridge Ct,Antioch,TN,37013,260000,3,2.5,The Country,1716,13503,1985,,152,,Sold,,,https://www.redfin.com/TN/Antioch/705-Country-Ridge-Ct-37013/home/68815430,REALTRACS,2240873,N,Y,36.0753177,-86.5985563
PAST SALE,February-12-2021,Single Family Residential,1101 Quaise Moor W,Antioch,TN,37013,295000,3,2.0,Somerset,2038,8712,1993,,145,,Sold,,,https://www.redfin.com/TN/Antioch/1101-Quaise-Moor-E-37013/home/108099379,REALTRACS,2207026,N,Y,36.0715376,-86.5980414
PAST SALE,March-19-2021,Single Family Residential,905 Hill Ridge Dr,Antioch,TN,37013,290000,3,2.0,Mt View,1613,8276,2004,,180,33,Sold,,,https://www.redfin.com/TN/Antioch/905-Hill-Ridge-Dr-37013/home/102268537,REALTRACS,2224025,N,Y,36.0663349,-86.5930215
PAST SALE,,Vacant Land,2421 Batavia St,Nashville,TN,37208,40000,,,,,1742,,,,,,,,https://www.redfin.com/TN/Nashville/2421-Batavia-St-37208/home/108005887,,,N,Y,36.1611749,-86.8131821
PAST SALE,,Condo/Co-op,1705 State St,Nashville,TN,37203,365000,,,,6684,,1960,,55,,,,,https://www.redfin.com/TN/Nashville/1705-State-St-37203/home/107985487,,,N,Y,36.1562878,-86.7968263
